Date,Open,High,Low,Settle,Volume,Open Interest
2015-07-10,2044.75,2074.75,2044.75,2069.0,1572505.0,2667051.0
2015-07-09,2039.75,2068.0,2038.25,2041.25,1980885.0,2729842.0
2015-07-08,2073.0,2073.25,2036.25,2039.25,2388595.0,2658021.0
2015-07-07,2067.75,2078.0,2035.0,2073.75,2529599.0,2657211.0
2015-07-06,2037.25,2071.75,2034.25,2064.5,1857384.0,2625405.0
2015-07-02,2071.5,2079.0,2062.25,2068.75,1247290.0,2624007.0
2015-07-01,2054.5,2077.5,2054.5,2071.0,1493202.0,2615790.0
2015-06-30,2054.5,2069.0,2046.75,2054.5,2355919.0,2614259.0
2015-06-29,2064.0,2083.25,2047.25,2050.5,2287339.0,2526649.0
2015-06-26,2094.75,2100.75,2086.25,2095.75,1318744.0,2534335.0
2015-06-25,2101.25,2112.75,2092.0,2094.0,1213961.0,2536478.0
2015-06-24,2117.5,2118.5,2099.0,2099.5,1153248.0,2554179.0
2015-06-23,2114.75,2120.5,2111.25,2116.5,835219.0,2563433.0
2015-06-22,2105.75,2122.0,2103.5,2112.75,1095590.0,2537546.0
2015-06-19,2123.25,2126.5,2118.25,2117.11,46686.0,685105.0
2015-06-18,2097.25,2127.5,2090.5,2123.0,430371.0,746829.0
2015-06-17,2097.75,2107.0,2087.0,2097.5,549464.0,947257.0
2015-06-16,2083.5,2098.25,2070.5,2097.5,790233.0,1400590.0
2015-06-15,2087.0,2089.75,2071.25,2084.0,1077154.0,1906031.0
2015-06-12,2109.0,2109.25,2090.25,2093.0,1130566.0,2313187.0
2015-06-11,2106.0,2114.75,2103.25,2109.25,1480391.0,2589953.0
2015-06-10,2080.75,2108.0,2080.0,2107.0,1664080.0,2747909.0
2015-06-09,2080.0,2084.75,2068.75,2080.0,1446234.0,2780512.0
2015-06-08,2092.0,2093.25,2076.25,2078.25,1290580.0,2777034.0
2015-06-05,2098.75,2102.75,2083.5,2092.25,1459933.0,2785151.0
2015-06-04,2116.25,2116.5,2091.25,2099.0,1716475.0,2751605.0
2015-06-03,2107.0,2120.75,2106.75,2116.0,1310989.0,2760870.0
2015-06-02,2111.0,2116.0,2094.0,2106.75,1442673.0,2763714.0
2015-06-01,2107.0,2117.75,2100.25,2109.25,1337694.0,2766529.0
2015-05-29,2121.75,2122.75,2102.25,2106.0,1689212.0,2746809.0
2015-05-28,2120.0,2122.75,2110.5,2121.75,1074890.0,2737526.0
2015-05-27,2105.75,2124.25,2101.25,2121.0,1288328.0,2723908.0
2015-05-26,2124.5,2127.0,2096.0,2105.0,1585923.0,2720027.0
2015-05-22,2129.25,2131.0,2122.75,2124.5,765874.0,2724877.0
2015-05-21,2120.75,2132.0,2115.0,2128.0,792875.0,2717293.0
2015-05-20,2124.25,2132.25,2119.25,2122.5,1009770.0,2716966.0
2015-05-19,2126.75,2134.0,2121.25,2124.5,994750.0,2730361.0
2015-05-18,2119.25,2128.75,2112.25,2126.0,913154.0,2723990.0
2015-05-15,2117.25,2122.75,2113.25,2119.0,1023198.0,2725106.0
2015-05-14,2096.0,2118.25,2092.0,2117.5,1101487.0,2714341.0
2015-05-13,2096.25,2106.5,2091.5,2094.5,1335896.0,2710825.0
2015-05-12,2097.75,2101.0,2079.25,2095.0,1472548.0,2717411.0
2015-05-11,2110.0,2113.5,2095.75,2097.75,1145379.0,2722856.0
2015-05-08,2085.25,2113.5,2084.0,2108.5,1377057.0,2713209.0
2015-05-07,2074.75,2088.25,2057.0,2084.25,1433321.0,2729348.0
2015-05-06,2085.5,2093.75,2061.25,2074.25,1754960.0,2703366.0
2015-05-05,2109.5,2111.75,2081.5,2084.0,1588014.0,2721947.0
2015-05-04,2101.75,2115.0,2098.0,2109.25,1000309.0,2734463.0
2015-05-01,2082.75,2102.5,2080.5,2101.5,1021007.0,2765711.0
2015-04-30,2098.25,2102.0,2070.25,2079.0,2024833.0,2720143.0
2015-04-29,2110.75,2112.5,2090.5,2099.0,1736098.0,2706583.0
2015-04-28,2103.75,2112.5,2088.25,2112.0,1474639.0,2688678.0
2015-04-27,2113.25,2119.75,2100.25,2104.75,1200115.0,2711119.0
2015-04-24,2107.5,2114.75,2103.0,2111.75,954521.0,2713112.0
2015-04-23,2099.25,2114.5,2087.5,2107.0,1361370.0,2689547.0
2015-04-22,2092.0,2103.75,2080.25,2100.25,1187004.0,2683708.0
2015-04-21,2089.5,2105.25,2087.25,2091.0,1048695.0,2688683.0
2015-04-20,2081.0,2097.5,2078.5,2091.0,1117632.0,2702824.0
2015-04-17,2101.25,2101.75,2064.5,2075.5,1819414.0,2689405.0
2015-04-16,2101.5,2104.75,2089.0,2100.75,1110320.0,2666373.0
2015-04-15,2091.75,2105.5,2087.25,2099.75,1044340.0,2664126.0
2015-04-14,2087.0,2092.75,2075.75,2091.0,1262993.0,2650088.0
2015-04-13,2095.25,2101.25,2085.25,2086.5,1069908.0,2651679.0
2015-04-10,2086.0,2096.25,2083.0,2095.5,879754.0,2645082.0
2015-04-09,2077.75,2087.0,2066.75,2085.75,1209325.0,2644161.0
2015-04-08,2068.5,2080.25,2064.5,2076.0,1216620.0,2651631.0
2015-04-07,2071.5,2082.75,2066.0,2067.75,1032728.0,2654748.0
2015-04-06,2039.5,2080.0,2038.75,2073.25,938538.0,2650208.0
2015-04-03,2060.0,2063.75,2038.0,2059.5,95921.0,2645132.0
2015-04-02,2055.25,2064.75,2044.0,2059.5,1044908.0,2672112.0
2015-04-01,2058.0,2060.75,2033.5,2053.0,1818384.0,2655571.0
2015-03-31,2074.75,2076.75,2056.25,2060.75,1595256.0,2632578.0
2015-03-30,2052.75,2081.75,2047.25,2075.5,1218573.0,2640559.0
2015-03-27,2050.0,2057.75,2041.0,2052.5,1158816.0,2639622.0
2015-03-26,2056.0,2058.75,2033.25,2048.5,1839564.0,2620588.0
2015-03-25,2085.25,2089.25,2052.25,2053.75,1777031.0,2625047.0
2015-03-24,2094.0,2101.0,2083.0,2085.0,1191209.0,2607995.0
2015-03-23,2097.75,2107.0,2093.25,2094.75,957424.0,2608347.0
2015-03-20,2088.5,2105.5,2086.5,2099.02,55066.0,715717.0
2015-03-19,2101.0,2107.25,2085.0,2090.5,337006.0,838468.0
2015-03-18,2074.25,2107.75,2060.5,2100.5,643349.0,1055048.0
2015-03-17,2074.5,2078.75,2064.25,2074.5,953277.0,1578827.0
2015-03-16,2050.75,2081.75,2044.5,2076.5,945740.0,2057039.0
2015-03-13,2064.25,2068.75,2040.0,2049.75,1205545.0,2435127.0
2015-03-12,2042.0,2066.5,2038.25,2064.0,1627252.0,2807778.0
2015-03-11,2044.25,2052.25,2038.25,2039.5,1702228.0,2942523.0
2015-03-10,2077.5,2078.0,2041.25,2042.0,1551932.0,2947997.0
2015-03-09,2073.5,2082.5,2066.0,2077.75,993619.0,2987199.0
2015-03-06,2099.5,2103.5,2065.5,2070.75,1895148.0,2917569.0
2015-03-05,2096.5,2103.5,2093.25,2099.75,1096113.0,2910503.0
2015-03-04,2104.75,2104.75,2085.25,2096.5,1480462.0,2893603.0
2015-03-03,2114.0,2114.5,2095.5,2104.75,1360283.0,2871121.0
2015-03-02,2104.0,2115.5,2100.5,2114.0,1069024.0,2866335.0
2015-02-27,2109.5,2111.0,2100.75,2102.75,1203840.0,2866192.0
2015-02-26,2110.5,2114.75,2101.5,2110.0,1163745.0,2861642.0
2015-02-25,2113.75,2117.75,2107.25,2110.25,971677.0,2836074.0
2015-02-24,2106.25,2115.75,2102.75,2113.75,1077835.0,2835551.0
2015-02-23,2107.25,2108.25,2099.75,2106.75,847165.0,2826009.0
2015-02-20,2096.0,2108.75,2082.25,2107.0,1629515.0,2806657.0
2015-02-19,2095.25,2099.5,2087.25,2095.25,1140895.0,2782675.0
2015-02-18,2096.5,2098.5,2088.5,2095.5,1086542.0,2780511.0
2015-02-17,2091.25,2098.75,2080.75,2096.0,1233430.0,2776438.0
2015-02-13,2083.0,2095.0,2081.5,2093.5,1216834.0,2777622.0
2015-02-12,2071.5,2085.5,2058.5,2084.0,1422562.0,2749732.0
2015-02-11,2062.75,2079.5,2053.25,2065.75,1294083.0,2766377.0
2015-02-10,2043.75,2066.5,2040.5,2062.25,1377397.0,2762422.0
2015-02-09,2050.0,2051.75,2036.5,2042.5,1284028.0,2775438.0
2015-02-06,2056.25,2068.0,2044.5,2053.0,1713118.0,2724108.0
2015-02-05,2025.0,2058.75,2020.75,2055.0,1341850.0,2728704.0
2015-02-04,2040.5,2049.25,2022.75,2030.0,1696234.0,2714102.0
2015-02-03,2015.0,2044.0,2007.0,2042.0,1705498.0,2710794.0
2015-02-02,1990.5,2018.5,1973.75,2017.0,2035431.0,2740382.0
2015-01-30,2019.25,2020.5,1986.25,1988.5,2352251.0,2721183.0
2015-01-29,1993.5,2020.0,1982.0,2018.5,2117820.0,2743997.0
2015-01-28,2036.5,2046.5,1991.25,1991.5,2086764.0,2684751.0
2015-01-27,2054.0,2054.75,2013.25,2030.0,1949699.0,2696298.0
2015-01-26,2035.0,2055.0,2025.5,2053.5,1258009.0,2690889.0
2015-01-23,2056.5,2062.5,2042.25,2044.0,1351989.0,2701326.0
2015-01-22,2026.75,2059.25,2019.25,2056.5,1834135.0,2688767.0
2015-01-21,2015.75,2032.75,2005.25,2026.5,1637366.0,2693173.0
2015-01-20,2013.5,2026.5,1997.5,2016.75,1805475.0,2687724.0
2015-01-16,1980.75,2014.25,1970.25,2013.0,2008817.0,2742502.0
2015-01-15,2009.75,2027.25,1978.25,1989.0,2259436.0,2701273.0
2015-01-14,2017.25,2019.5,1981.25,2007.5,2506589.0,2702231.0
2015-01-13,2023.75,2051.75,2001.0,2016.0,2489224.0,2677998.0
2015-01-12,2034.5,2048.25,2015.25,2022.5,1614675.0,2678435.0
2015-01-09,2053.75,2062.0,2031.25,2035.25,1907275.0,2717604.0
2015-01-08,2020.5,2058.5,2020.25,2055.0,1551040.0,2719370.0
2015-01-07,1996.5,2023.75,1995.75,2019.5,1750412.0,2738793.0
2015-01-06,2019.0,2023.5,1984.25,1994.5,2344320.0,2735166.0
2015-01-05,2045.75,2048.25,2009.5,2016.0,2032736.0,2746750.0
2015-01-02,2055.0,2067.25,2038.75,2046.25,1357107.0,2769700.0
2014-12-31,2076.25,2082.75,2050.75,2052.5,835262.0,2741375.0
2014-12-30,2087.5,2088.5,2073.0,2076.75,716610.0,2739712.0
2014-12-29,2086.0,2088.75,2076.0,2085.75,636306.0,2728564.0
2014-12-26,2078.75,2088.75,2078.5,2084.25,614078.0,2732874.0
2014-12-24,2078.75,2083.5,2077.0,2078.75,235054.0,2732725.0
2014-12-23,2073.0,2084.5,2071.5,2079.0,774160.0,2719678.0
2014-12-22,2065.0,2076.0,2064.0,2072.5,854592.0,2720187.0
2014-12-19,2066.0,2079.75,2061.25,2061.01,81781.0,710791.0
2014-12-18,2013.75,2068.0,2010.75,2065.0,538236.0,742173.0
2014-12-17,1973.5,2017.0,1972.75,2014.25,1566109.0,1000029.0
2014-12-16,1991.25,2018.0,1968.25,1971.5,1216734.0,1398167.0
2014-12-15,1998.75,2019.25,1981.5,1990.0,1128900.0,1818004.0
2014-12-12,2029.5,2032.25,1996.5,1997.25,1485315.0,2241682.0
2014-12-11,2026.25,2056.5,2023.75,2031.0,2241068.0,2651642.0
2014-12-10,2057.75,2060.0,2023.25,2026.5,2369388.0,2818803.0
2014-12-09,2060.25,2062.25,2033.25,2057.5,1887129.0,2874241.0
2014-12-08,2075.75,2077.5,2053.75,2059.5,1408560.0,2908207.0
2014-12-05,2071.75,2079.0,2068.5,2076.0,1147239.0,2946103.0
2014-12-04,2073.0,2077.25,2061.25,2072.0,1374378.0,2944324.0
2014-12-03,2066.5,2076.0,2063.25,2072.5,922158.0,2962937.0
2014-12-02,2051.0,2068.0,2050.75,2066.0,1148288.0,2948066.0
2014-12-01,2063.25,2064.0,2048.25,2050.75,1470728.0,2959182.0
2014-11-28,2074.0,2074.75,2063.5,2066.25,783069.0,2945186.0
2014-11-26,2068.25,2075.25,2065.25,2072.25,741582.0,2955905.0
2014-11-25,2067.25,2073.0,2062.75,2067.5,976545.0,2958213.0
2014-11-24,2062.25,2069.0,2060.75,2067.5,782885.0,2957158.0
2014-11-21,2052.25,2072.25,2049.75,2061.75,1630436.0,2959677.0
2014-11-20,2047.0,2052.75,2035.25,2052.0,1125939.0,2933002.0
2014-11-19,2048.75,2050.5,2037.75,,1188389.0,2934115.0
2014-11-18,2039.25,2054.0,2035.75,,1140878.0,2924341.0
2014-11-17,2038.5,2040.5,2025.25,,1058349.0,2924312.0
2014-11-14,2033.0,2039.75,2032.0,,1045649.0,2937647.0
2014-11-13,2034.75,2043.75,2026.75,,1541378.0,2922873.0
2014-11-12,2036.5,2037.25,2026.75,,1082154.0,2868786.0
2014-11-11,2033.75,2039.0,2031.0,,779077.0,2863436.0
2014-11-10,2025.75,2035.0,2021.0,,957940.0,2851049.0
2014-11-07,2027.25,2033.5,2020.5,,1282333.0,2863233.0
2014-11-06,2018.5,2029.25,2010.75,,1433396.0,2856834.0
2014-11-05,2006.25,2020.5,2003.75,,1568956.0,2837987.0
2014-11-04,2010.5,2013.75,1995.25,,1518682.0,2813514.0
2014-11-03,2011.25,2019.25,2007.0,,1358108.0,2822107.0
2014-10-31,1987.75,2016.75,1986.75,,1923491.0,2883991.0
2014-10-30,1971.75,1994.25,1959.25,,1980779.0,2854076.0
2014-10-29,1976.0,1985.75,1962.0,,1894337.0,2856633.0
2014-10-28,1957.75,1980.75,1956.75,,1570163.0,2833776.0
2014-10-27,1960.25,1965.75,1944.5,,1446627.0,2829899.0
2014-10-24,1946.0,1961.25,1931.75,,1601128.0,2844152.0
2014-10-23,1924.5,1956.25,1922.25,,2014791.0,2828457.0
2014-10-22,1938.25,1943.75,1920.25,,2012915.0,2816714.0
2014-10-21,1903.5,1939.75,1885.75,,2238181.0,2799510.0
2014-10-20,1884.0,1904.5,1872.25,,1649868.0,2819776.0
2014-10-17,1853.0,1891.75,1851.0,,2565562.0,2822638.0
2014-10-16,1846.75,1869.75,1815.25,,3357691.0,2891394.0
2014-10-15,1878.25,1883.25,1813.0,,4658973.0,2820880.0
2014-10-14,1866.25,1892.75,1864.75,,3111359.0,2823640.0
2014-10-13,1892.0,1906.0,1863.75,,2942117.0,2749030.0
2014-10-10,1917.0,1931.25,1893.25,,3067496.0,2726452.0
2014-10-09,1961.5,1968.5,1915.25,,3091728.0,2735211.0
2014-10-08,1926.25,1964.0,1918.0,,2516066.0,2769360.0
2014-10-07,1953.25,1956.25,1924.25,,2153512.0,2745847.0
2014-10-06,1961.0,1971.0,1950.5,,1727289.0,2738142.0
2014-10-03,1938.5,1964.5,1935.75,,1551405.0,2751445.0
2014-10-02,1940.75,1945.75,1918.25,,2710514.0,2790666.0
2014-10-01,1961.0,1967.0,1933.75,,2444534.0,2794635.0
2014-09-30,1968.75,1978.25,1960.5,,1981670.0,2802910.0
2014-09-29,1974.75,1977.0,1955.5,,1781415.0,2793774.0
2014-09-26,1961.0,1979.25,1956.5,,1674972.0,2797856.0
2014-09-25,1990.75,1991.5,1957.75,,2313833.0,2810957.0
2014-09-24,1969.75,1992.5,1969.5,,1566579.0,2795261.0
2014-09-23,1984.0,1988.0,1968.25,,1624176.0,2785075.0
2014-09-22,2002.0,2003.0,1982.5,,1577092.0,2794169.0
2014-09-19,2013.5,2022.5,2013.25,,75631.0,829823.0
2014-09-18,2003.5,2014.5,2001.0,,333362.0,916367.0
2014-09-17,1999.5,2010.75,1991.25,,623120.0,1146257.0
2014-09-16,1984.75,2002.5,1978.5,,883301.0,1585550.0
2014-09-15,1981.75,1987.25,1972.0,,850706.0,2041606.0
2014-09-12,1999.25,1999.25,1979.5,,1254423.0,2549337.0
2014-09-11,1994.5,1999.5,1985.0,,1736194.0,2885062.0
2014-09-10,1989.5,1996.25,1981.5,,1589905.0,3017688.0
2014-09-09,2000.25,2003.0,1983.25,,1768180.0,2992833.0
2014-09-08,2006.5,2006.75,1994.0,,1211086.0,2989310.0
2014-09-05,1999.0,2007.75,1988.25,,1692946.0,3005614.0
2014-09-04,1998.75,2010.0,1990.75,,1518599.0,3009547.0
2014-09-03,2000.5,2011.0,1996.25,,1297794.0,3008458.0
2014-09-02,1999.0,2006.25,1992.75,,1244805.0,3011118.0
2014-08-29,1999.25,2003.75,1992.25,,1042342.0,3004649.0
2014-08-28,1996.75,1999.5,1987.5,,1088965.0,2996449.0
2014-08-27,1999.25,2000.5,1993.5,,759991.0,2973216.0
2014-08-26,1994.5,2002.75,1992.25,,877452.0,2972614.0
2014-08-25,1990.0,1999.75,1988.75,,850103.0,2959504.0
2014-08-22,1989.75,1991.5,1981.5,,1115544.0,2962627.0
2014-08-21,1982.75,1992.0,1980.75,,840038.0,2954359.0
2014-08-20,1977.75,1986.0,1973.0,,1058474.0,2960508.0
2014-08-19,1968.5,1979.75,1968.25,,866006.0,2935727.0
2014-08-18,1955.75,1969.0,1955.75,,884004.0,2930057.0
2014-08-15,1954.25,1961.0,1937.25,,1811277.0,2947976.0
2014-08-14,1946.0,1955.0,1942.0,,965033.0,2932233.0
2014-08-13,1932.25,1946.5,1930.75,,1119840.0,2920411.0
2014-08-12,1934.0,1938.75,1923.5,,1233748.0,2910845.0
2014-08-11,1923.5,1941.0,1923.25,,1177405.0,2901948.0
2014-08-08,1905.25,1928.25,1890.25,,1900403.0,2916013.0
2014-08-07,1914.75,1925.75,1899.75,,1949342.0,2891258.0
2014-08-06,1914.75,1923.5,1903.0,,1703654.0,2897573.0
2014-08-05,1931.0,1933.25,1907.5,,2133765.0,2896652.0
2014-08-04,1919.5,1937.5,1914.75,,1604373.0,2901142.0
2014-08-01,1926.0,1932.25,1910.25,,2876640.0,2936401.0
2014-07-31,1965.0,1965.5,1923.5,,5532066.0,2928531.0
2014-07-30,1964.25,1974.25,1956.5,,1761889.0,2944211.0
2014-07-29,1972.5,1979.5,1962.0,,1499831.0,2938486.0
2014-07-28,1970.75,1976.0,1960.75,,1358371.0,2929174.0
2014-07-25,1978.75,1980.75,1968.0,,1426516.0,2943169.0
2014-07-24,1981.0,1985.75,1976.75,,1163673.0,2941364.0
2014-07-23,1973.0,1983.5,1972.75,,1149287.0,2934875.0
2014-07-22,1965.75,1980.5,1965.25,,1274810.0,2936374.0
2014-07-21,1970.25,1971.5,1959.0,,1412516.0,2949424.0
2014-07-18,1949.25,1974.25,1942.5,,1794645.0,2941204.0
2014-07-17,1971.25,1976.0,1948.5,,2440551.0,2927567.0
2014-07-16,1968.0,1978.0,1967.0,,1313844.0,2918047.0
2014-07-15,1971.25,1976.25,1958.75,,1905574.0,2909158.0
2014-07-14,1962.75,1974.0,1962.5,,1003699.0,2880205.0
2014-07-11,1957.25,1963.5,1953.0,,1361251.0,2908909.0
2014-07-10,1967.5,1968.25,1945.25,,1972590.0,2915996.0
2014-07-09,1960.5,1968.25,1958.25,,1390496.0,2915133.0
2014-07-08,1970.5,1970.75,1952.75,,1775977.0,2904863.0
2014-07-07,1975.75,1977.5,1967.25,,1097466.0,2906788.0
2014-07-03,1968.0,1978.25,1966.0,,840598.0,2915129.0
2014-07-02,1966.25,1970.0,1964.5,,915433.0,2929352.0
2014-07-01,1954.5,1971.75,1953.5,,1454015.0,2925452.0
2014-06-30,1951.75,1956.75,1948.0,,1155776.0,2891207.0
2014-06-27,1948.25,1954.0,1942.75,,1176113.0,2868132.0
2014-06-26,1948.75,1952.5,1936.25,,1486229.0,2872653.0
2014-06-25,1942.25,1953.25,1937.25,,1530174.0,2855130.0
2014-06-24,1951.25,1960.0,1939.75,,1527312.0,2853357.0
2014-06-23,1952.75,1959.75,1950.0,,1009228.0,2821923.0
2014-06-20,1957.5,1970.0,1956.75,,61298.0,725602.0
2014-06-19,1956.0,1960.25,1952.25,,369576.0,835246.0
2014-06-18,1941.5,1958.0,1938.0,,522149.0,1033625.0
2014-06-17,1936.5,1943.5,1931.25,,880902.0,1518849.0
2014-06-16,1934.25,1940.75,1926.5,,864229.0,1953493.0
2014-06-13,1930.75,1937.0,1926.5,,939087.0,2357317.0
2014-06-12,1943.75,1947.75,1924.75,,1660579.0,2675663.0
2014-06-11,1950.75,1951.0,1938.5,,1337403.0,2880779.0
2014-06-10,1949.25,1951.75,1943.0,,1037793.0,2967325.0
2014-06-09,1949.25,1954.75,1945.75,,1021196.0,3002048.0
2014-06-06,1938.5,1949.75,1937.75,,1203122.0,3004963.0
2014-06-05,1925.5,1940.75,1921.0,,1676327.0,3004762.0
2014-06-04,1922.75,1927.0,1916.0,,917038.0,2999092.0
2014-06-03,1921.5,1923.5,1916.0,,946338.0,3000582.0
2014-06-02,1921.25,1924.25,1913.75,,1050017.0,2993669.0
2014-05-30,1917.0,1922.25,1914.25,,1168798.0,2995771.0
2014-05-29,1909.75,1918.0,1907.25,,977858.0,2988976.0
2014-05-28,1909.75,1914.0,1904.5,,1059963.0,2984253.0
2014-05-27,1898.0,1910.0,1897.0,,919199.0,2964687.0
2014-05-23,1890.25,1899.25,1889.5,,759667.0,2969158.0
2014-05-22,1883.75,1894.0,1882.75,,1021175.0,2960598.0
2014-05-21,1868.5,1886.5,1866.5,,1348924.0,2926404.0
2014-05-20,1881.5,1884.5,1864.75,,1564092.0,2913686.0
2014-05-19,1876.25,1883.0,1865.75,,1034628.0,2907323.0
2014-05-16,1867.0,1875.75,1861.25,,1520405.0,2927173.0
2014-05-15,1885.75,1888.5,1859.0,,2247039.0,2917070.0
2014-05-14,1894.75,1897.25,1882.25,,1186475.0,2927690.0
2014-05-13,1893.5,1898.5,1892.0,,2153406.0,2903749.0
2014-05-12,1874.0,1894.0,1874.0,,1181458.0,2861995.0
2014-05-09,1870.25,1875.0,1862.5,,1475471.0,2863857.0
2014-05-08,1874.75,1884.75,1865.0,,1752614.0,2850823.0
2014-05-07,1864.0,1875.75,1854.5,,1996074.0,2829593.0
2014-05-06,1877.5,1881.5,1861.75,,1379053.0,2833539.0
2014-05-05,1875.5,1880.0,1860.5,,1176286.0,2823037.0
2014-05-02,1878.75,1886.0,1872.0,,1716276.0,2822994.0
2014-05-01,1879.5,1882.75,1871.5,,936490.0,2827771.0
2014-04-30,1870.5,1880.25,1866.25,,1496796.0,2835160.0
2014-04-29,1866.0,1875.25,1865.0,,1218381.0,2816864.0
2014-04-28,1861.75,1871.75,1844.0,,2065167.0,2806635.0
2014-04-25,1872.5,1873.75,1853.0,,1507335.0,2805837.0
2014-04-24,1879.0,1882.5,1863.75,,1577057.0,2789027.0
2014-04-23,1873.0,1880.75,1867.5,,997020.0,2778573.0
2014-04-22,1864.25,1878.75,1860.75,,1106401.0,2766346.0
2014-04-21,1859.25,1865.5,1856.5,,532255.0,2766655.0
2014-04-17,1852.5,1863.75,1847.25,,1254621.0,2757716.0
2014-04-16,1842.75,1857.0,1840.5,,1641733.0,2795750.0
2014-04-15,1825.0,1844.0,1809.25,,2608555.0,2792211.0
2014-04-14,1806.0,1828.0,1803.25,,1878366.0,2789974.0
2014-04-11,1829.5,1832.0,1807.25,,2525778.0,2782527.0
2014-04-10,1865.75,1867.5,1823.75,,2377896.0,2740044.0
2014-04-09,1845.0,1866.5,1843.75,,1410063.0,2752796.0
2014-04-08,1840.0,1849.0,1830.75,,1852618.0,2772342.0
2014-04-07,1861.0,1861.75,1834.5,,2177594.0,2782262.0
2014-04-04,1884.25,1892.5,1855.75,,2496787.0,2798619.0
2014-04-03,1882.75,1887.5,1875.5,,1231331.0,2797469.0
2014-04-02,1877.75,1886.25,1876.25,,1181442.0,2793964.0
2014-04-01,1864.5,1878.75,1862.25,,1212999.0,2792893.0
2014-03-31,1855.0,1868.0,1855.0,,1569852.0,2790968.0
2014-03-28,1843.5,1859.5,1841.5,,1493568.0,2788523.0
2014-03-27,1845.0,1848.5,1834.0,,2031060.0,2805754.0
2014-03-26,1859.0,1868.75,1841.5,,1898418.0,2796385.0
2014-03-25,1850.25,1864.5,1848.0,,1653578.0,2807336.0
2014-03-24,1855.5,1866.0,1841.25,,1834605.0,2815873.0
2014-03-21,1873.0,1882.0,1870.75,,47872.0,1074234.0
2014-03-20,1858.5,1874.25,1852.5,,344340.0,1166011.0
2014-03-19,1871.0,1874.5,1849.5,,640709.0,1349263.0
2014-03-18,1858.75,1874.0,1852.5,,865008.0,1781171.0
2014-03-17,1839.5,1862.75,1830.5,,797416.0,2120009.0
2014-03-14,1847.25,1853.0,1839.0,,1309151.0,2574695.0
2014-03-13,1868.75,1875.0,1841.5,,2346067.0,3000644.0
2014-03-12,1864.75,1869.0,1853.75,,1664135.0,3050825.0
2014-03-11,1876.25,1882.25,1863.0,,1609390.0,3080700.0
2014-03-10,1875.5,1878.75,1865.75,,1167390.0,3104782.0
2014-03-07,1876.25,1887.5,1869.25,,1755702.0,3146004.0
2014-03-06,1873.75,1881.0,1871.0,,2564103.0,3181131.0
2014-03-05,1870.75,1875.5,1867.75,,1252481.0,3183505.0
2014-03-04,1843.75,1874.75,1843.5,,1750397.0,3165575.0
2014-03-03,1846.0,1849.5,1832.25,,2375925.0,3110444.0
2014-02-28,1854.5,1866.5,1845.25,,2105950.0,3122222.0
2014-02-27,1843.75,1855.75,1832.75,,1610190.0,3111778.0
2014-02-26,1847.5,1853.25,1838.0,,1463905.0,3108523.0
2014-02-25,1844.75,1851.0,1837.25,,1565256.0,3131431.0
2014-02-24,1835.25,1856.75,1829.25,,1606033.0,3158062.0
2014-02-21,1836.0,1844.0,1832.75,,1311637.0,3137291.0
2014-02-20,1826.0,1840.25,1817.25,,1601705.0,3119786.0
2014-02-19,1837.25,1844.5,1823.25,,1768178.0,3091043.0
2014-02-18,1833.5,1840.25,1831.5,,1209343.0,3062413.0
2014-02-14,1823.75,1838.75,1816.0,,1365228.0,3053239.0
2014-02-13,1816.75,1827.0,1802.25,,1645169.0,3033223.0
2014-02-12,1813.25,1823.25,1811.25,,1378358.0,3016462.0
2014-02-11,1795.25,1819.5,1794.25,,1761813.0,2990620.0
2014-02-10,1793.0,1796.0,1786.25,,1142980.0,2981889.0
2014-02-07,1768.0,1794.0,1758.25,,2337170.0,2948744.0
2014-02-06,1744.75,1769.75,1744.0,,1732542.0,2948425.0
2014-02-05,1744.25,1750.75,1732.0,,2074002.0,2944236.0
2014-02-04,1738.25,1753.5,1734.0,,2325416.0,2974534.0
2014-02-03,1777.5,1783.75,1732.25,,3026026.0,2910899.0
2014-01-31,1783.5,1788.25,1761.25,,2383777.0,2882901.0
2014-01-30,1770.0,1793.75,1767.75,,1821781.0,2915163.0
2014-01-29,1796.0,1801.25,1764.0,,2737533.0,2884678.0
2014-01-28,1771.25,1797.0,1771.0,,1722933.0,2881669.0
2014-01-27,1781.75,1792.0,1767.0,,2756312.0,2894357.0
2014-01-24,1824.0,1828.0,1780.0,,2562839.0,2873168.0
2014-01-23,1839.0,1844.0,1813.75,,1811795.0,2848291.0
2014-01-22,1837.5,1843.25,1834.75,,941132.0,2852205.0
2014-01-21,1834.0,1844.0,1826.25,,1326298.0,2855526.0
2014-01-17,1838.0,1842.75,1829.25,,1157104.0,2878637.0
2014-01-16,1841.5,1843.75,1834.5,,952497.0,2875586.0
2014-01-15,1833.0,1845.75,1831.5,,1257395.0,2868227.0
2014-01-14,1815.75,1834.25,1812.75,,1592737.0,2842950.0
2014-01-13,1838.5,1838.75,1809.5,,1708697.0,2818929.0
2014-01-10,1833.25,1842.5,1826.25,,1455887.0,2794685.0
2014-01-09,1831.75,1839.0,1824.25,,1324525.0,2781053.0
2014-01-08,1830.75,1834.75,1825.5,,1330414.0,2775966.0
2014-01-07,1819.75,1834.75,1819.5,,1150952.0,2766711.0
2014-01-06,1824.0,1832.5,1817.25,,1361860.0,2779107.0
2014-01-03,1827.25,1833.0,1820.5,,960040.0,2781562.0
2014-01-02,1837.75,1840.75,1821.75,,1223831.0,2782880.0
2013-12-31,1835.5,1846.5,1834.25,,650261.0,2754443.0
2013-12-30,1836.0,1838.5,1833.5,,566572.0,2765187.0
2013-12-27,1836.5,1840.0,1833.25,,622662.0,2758851.0
2013-12-26,1830.0,1837.75,1829.75,,437830.0,2745200.0
2013-12-24,1822.75,1829.5,1820.5,,314408.0,2734782.0
2013-12-23,1817.0,1824.5,1816.75,,733403.0,2720791.0
2013-12-20,1808.75,1813.0,1808.75,,47698.0,782646.0
2013-12-19,1810.0,1813.0,1801.25,,387241.0,823841.0
2013-12-18,1778.25,1812.75,1767.25,,705349.0,1037604.0
2013-12-17,1784.75,1789.0,1776.5,,740425.0,1406407.0
2013-12-16,1774.75,1792.5,1760.25,,858132.0,1701691.0
2013-12-13,1773.5,1783.0,1771.75,,988386.0,2089969.0
2013-12-12,1780.75,1784.0,1771.75,,1831044.0,2401923.0
2013-12-11,1804.25,1808.0,1779.25,,3982759.0,2638302.0
2013-12-10,1809.25,1811.5,1801.0,,2336504.0,2691899.0
2013-12-09,1806.5,1811.5,1804.75,,1059179.0,2707260.0
2013-12-06,1784.5,1806.0,1784.25,,1756084.0,2759983.0
2013-12-05,1792.5,1794.25,1782.0,,1571790.0,2777689.0
2013-12-04,1792.0,1799.5,1777.75,,2097836.0,2777349.0
2013-12-03,1800.25,1801.75,1786.25,,1720294.0,2803471.0
2013-12-02,1806.25,1809.0,1797.0,,1324016.0,2799542.0
2013-11-29,1804.5,1812.5,1802.75,,817542.0,2795281.0
2013-11-27,1802.0,1807.5,1801.25,,848056.0,2780581.0
2013-11-26,1801.25,1807.0,1798.75,,1090975.0,2800246.0
2013-11-25,1802.0,1809.25,1798.5,,1106283.0,2775739.0
2013-11-22,1793.25,1803.25,1792.0,,1238550.0,2799872.0
2013-11-21,1779.5,1795.5,1775.75,,1384622.0,2793119.0
2013-11-20,1785.5,1794.25,1774.5,,2065833.0,2817411.0
2013-11-19,1789.5,1793.75,1782.0,,1587573.0,2817239.0
2013-11-18,1793.5,1799.75,1784.75,,1556412.0,2821448.0
2013-11-15,1787.75,1796.0,1786.5,,1226789.0,2778941.0
2013-11-14,1779.75,1789.0,1777.25,,1579106.0,2763168.0
2013-11-13,1764.75,1782.25,1754.25,,1673308.0,2758394.0
2013-11-12,1767.75,1769.75,1758.5,,1394895.0,2780264.0
2013-11-11,1767.0,1770.25,1762.75,,952210.0,2782047.0
2013-11-08,1744.75,1768.0,1736.5,,2070431.0,2780995.0
2013-11-07,1763.75,1774.5,1742.25,,2459589.0,2767364.0
2013-11-06,1757.25,1770.0,1755.75,,1320403.0,2768514.0
2013-11-05,1762.75,1764.0,1750.5,,1473640.0,2759992.0
2013-11-04,1754.0,1764.0,1753.25,,1000121.0,2772579.0
2013-11-01,1755.5,1761.25,1747.0,,1600757.0,2745639.0
2013-10-31,1757.75,1764.0,1750.25,,1872956.0,2763150.0
2013-10-30,1768.25,1773.25,1751.75,,1774552.0,2741642.0
2013-10-29,1759.0,1768.75,1754.5,,1189431.0,2736038.0
2013-10-28,1753.75,1762.25,1751.5,,1156019.0,2731098.0
2013-10-25,1748.0,1755.75,1742.75,,1253352.0,2708628.0
2013-10-24,1742.75,1751.75,1740.0,,1246430.0,2720877.0
2013-10-23,1749.5,1749.5,1734.5,,1519712.0,2711974.0
2013-10-22,1737.75,1754.5,1736.0,,1841176.0,2710196.0
2013-10-21,1738.0,1742.5,1734.75,,1107787.0,2698460.0
2013-10-18,1727.5,1740.25,1727.0,,1524654.0,2698990.0
2013-10-17,1712.0,1728.75,1706.25,,1668980.0,2682298.0
2013-10-16,1694.25,1717.0,1691.25,,1796325.0,2676074.0
2013-10-15,1706.25,1709.75,1689.5,,1871393.0,2675494.0
2013-10-14,1684.0,1706.75,1680.75,,1506081.0,2673270.0
2013-10-11,1683.0,1700.25,1673.0,,1557513.0,2678669.0
2013-10-10,1648.5,1687.75,1648.0,,2286252.0,2703379.0
2013-10-09,1648.0,1658.25,1640.0,,2485712.0,2723644.0
2013-10-08,1667.0,1671.5,1646.0,,2351930.0,2692235.0
2013-10-07,1676.75,1679.5,1666.5,,1596182.0,2674467.0
2013-10-04,1668.0,1686.0,1667.5,,1503566.0,2698745.0
2013-10-03,1683.0,1684.75,1663.25,,2263053.0,2653691.0
2013-10-02,1691.5,1691.75,1673.25,,1653547.0,2617101.0
2013-10-01,1678.5,1692.25,1675.25,,1759975.0,2611021.0
2013-09-30,1675.0,1681.0,1666.75,,2148739.0,2626964.0
2013-09-27,1694.5,1695.5,1680.0,,1430018.0,2631133.0
2013-09-26,1686.5,1697.5,1685.75,,1466703.0,2624892.0
2013-09-25,1692.25,1695.0,1684.5,,1639058.0,2618569.0
2013-09-24,1693.25,1701.0,1687.5,,1501832.0,2598645.0
2013-09-23,1706.5,1707.5,1689.5,,1671961.0,2566911.0
2013-09-20,1724.0,1727.25,1721.25,,66089.0,806829.0
2013-09-19,1725.0,1733.25,1720.5,,407019.0,897529.0
2013-09-18,1706.0,1729.75,1700.0,,666703.0,1161839.0
2013-09-17,1696.25,1706.75,1694.75,,727285.0,1530130.0
2013-09-16,1698.5,1710.5,1694.75,,1005283.0,1935525.0
2013-09-13,1684.75,1690.5,1680.5,,756480.0,2261091.0
2013-09-12,1689.75,1690.0,1681.25,,1354297.0,2556802.0
2013-09-11,1682.25,1690.5,1677.75,,1843965.0,2735919.0
2013-09-10,1671.0,1683.25,1669.0,,1849907.0,2799514.0
2013-09-09,1652.0,1671.75,1652.0,,1481869.0,2835722.0
2013-09-06,1652.0,1664.0,1638.75,,2564968.0,2843129.0
2013-09-05,1654.75,1658.25,1650.5,,1254324.0,2877431.0
2013-09-04,1638.0,1655.25,1635.0,,1627760.0,2880255.0
2013-09-03,1640.25,1650.0,1630.75,,2317319.0,2867361.0
2013-08-30,1639.0,1645.0,1625.5,,1932571.0,2904005.0
2013-08-29,1630.5,1644.75,1627.75,,1743634.0,2921904.0
2013-08-28,1628.25,1639.25,1624.75,,1647202.0,2919217.0
2013-08-27,1654.5,1655.5,1626.25,,2249176.0,2887703.0
2013-08-26,1660.75,1667.5,1653.25,,1213360.0,2882936.0
2013-08-23,1655.5,1662.75,1650.5,,1306654.0,2899118.0
2013-08-22,1635.0,1657.75,1631.5,,1556145.0,2904902.0
2013-08-21,1651.0,1654.75,1634.0,,2115241.0,2863444.0
2013-08-20,1644.25,1656.75,1641.0,,1581959.0,2873524.0
2013-08-19,1651.0,1657.0,1642.25,,1468155.0,2845002.0
2013-08-16,1654.75,1662.0,1649.5,,3475286.0,2841700.0
2013-08-15,1680.5,1682.0,1654.25,,2399303.0,2818161.0
2013-08-14,1691.5,1693.25,1681.0,,1504310.0,2826195.0
2013-08-13,1688.0,1694.5,1679.25,,1604462.0,2818295.0
2013-08-12,1685.0,1688.5,1675.25,,1250683.0,2802068.0
2013-08-09,1694.0,1696.25,1682.5,,1662642.0,2799117.0
2013-08-08,1688.75,1697.0,1684.5,,1510694.0,2791337.0
2013-08-07,1692.75,1693.5,1680.5,,1380213.0,2798900.0
2013-08-06,1701.25,1703.5,1688.75,,1273260.0,2793511.0
2013-08-05,1702.75,1705.0,1698.75,,856396.0,2808697.0
2013-08-02,1702.25,1705.0,1695.75,,1212563.0,2836516.0
2013-08-01,1685.5,1703.75,1684.5,,1517089.0,2814495.0
2013-07-31,1684.0,1694.0,1680.25,,1979509.0,2799466.0
2013-07-30,1682.25,1688.5,1677.25,,1318394.0,2793878.0
2013-07-29,1686.5,1688.0,1676.5,,1100528.0,2797316.0
2013-07-26,1685.75,1689.0,1670.5,,1390749.0,2797830.0
2013-07-25,1684.0,1686.5,1671.75,,1422764.0,2769228.0
2013-07-24,1689.5,1695.25,1677.25,,1505638.0,2778043.0
2013-07-23,1690.5,1695.5,1686.0,,979433.0,2774329.0
2013-07-22,1690.0,1694.25,1685.5,,899675.0,2787874.0
2013-07-19,1680.0,1690.5,1675.25,,1145846.0,2797010.0
2013-07-18,1676.75,1688.5,1671.75,,1340316.0,2768666.0
2013-07-17,1671.75,1680.5,1665.75,,1413079.0,2758060.0
2013-07-16,1677.75,1679.5,1666.5,,1170827.0,2735765.0
2013-07-15,1670.0,1679.5,1669.75,,910540.0,2727688.0
2013-07-12,1669.0,1674.25,1666.25,,1143081.0,2740429.0
2013-07-11,1658.25,1671.75,1657.5,,1449729.0,2721338.0
2013-07-10,1647.0,1658.75,1641.25,,1459781.0,2700511.0
2013-07-09,1636.75,1649.0,1635.75,,1269733.0,2672567.0
2013-07-08,1628.5,1639.5,1626.0,,1316733.0,2681333.0
2013-07-05,1609.0,1630.75,1608.25,,1718922.0,2700206.0
2013-07-03,1607.0,1613.0,1594.0,,1029810.0,2687031.0
2013-07-02,1606.75,1618.5,1600.25,,1668386.0,2667491.0
2013-07-01,1600.25,1620.5,1593.25,,1550499.0,2662628.0
2013-06-28,1606.25,1614.5,1594.25,,2142572.0,2660253.0
2013-06-27,1596.75,1614.25,1594.75,,1588290.0,2657544.0
2013-06-26,1580.25,1601.25,1573.0,,1717573.0,2713614.0
2013-06-25,1566.5,1587.75,1558.25,,2019829.0,2736050.0
2013-06-24,1583.75,1586.25,1553.25,,2837880.0,2700749.0
2013-06-21,1590.5,1604.25,1589.5,,100309.0,920012.0
2013-06-20,1627.25,1628.75,1583.75,,639730.0,1065883.0
2013-06-19,1652.5,1655.0,1626.25,,589657.0,1316021.0
2013-06-18,1640.75,1654.5,1638.0,,739664.0,1672843.0
2013-06-17,1624.5,1646.75,1624.0,,848279.0,2042756.0
2013-06-14,1637.75,1640.75,1623.25,,1034966.0,2384610.0
2013-06-13,1610.75,1639.5,1597.5,,4692904.0,2678954.0
2013-06-12,1627.5,1638.25,1609.5,,2597580.0,2850964.0
2013-06-11,1642.0,1642.5,1621.5,,5176948.0,2923220.0
2013-06-10,1636.5,1648.5,1634.5,,1807944.0,2976849.0
2013-06-07,1622.0,1644.0,1618.0,,2371499.0,3045762.0
2013-06-06,1608.5,1624.25,1596.5,,2795168.0,3029729.0
2013-06-05,1629.25,1632.25,1605.5,,2646546.0,3031027.0
2013-06-04,1635.75,1645.75,1621.5,,2137397.0,3086415.0
2013-06-03,1629.5,1639.0,1620.75,,2519490.0,3119039.0
2013-05-31,1653.75,1658.0,1626.25,,2554986.0,3148530.0
2013-05-30,1646.5,1660.75,1641.0,,1773563.0,3153403.0
2013-05-29,1654.25,1656.75,1638.0,,2125994.0,3164925.0
2013-05-28,1650.0,1672.75,1644.25,,4176679.0,3167489.0
2013-05-24,1651.25,1655.25,1634.5,,1948019.0,3188469.0
2013-05-23,1657.5,1659.0,1632.75,,2671915.0,3155043.0
2013-05-22,1665.75,1685.75,1646.5,,2970065.0,3157769.0
2013-05-21,1663.5,1673.25,1660.0,,1693935.0,3146083.0
2013-05-20,1662.5,1670.75,1659.75,,1748809.0,3105671.0
2013-05-17,1649.5,1665.75,1648.25,,1921247.0,3169768.0
2013-05-16,1655.25,1658.75,1646.0,,1919609.0,3176247.0
2013-05-15,1647.5,1659.75,1642.75,,2122285.0,3154692.0
2013-05-14,1630.75,1648.75,1626.5,,2016880.0,3105550.0
2013-05-13,1625.5,1633.25,1621.5,,1328925.0,3120921.0
2013-05-10,1626.0,1631.0,1620.25,,1640219.0,3148180.0
2013-05-09,1628.25,1632.25,1620.0,,1823710.0,3136578.0
2013-05-08,1620.75,1629.5,1617.0,,1587375.0,3111748.0
2013-05-07,1612.5,1621.75,1609.25,,1504953.0,3065189.0
2013-05-06,1608.25,1615.25,1607.25,,963963.0,3059565.0
2013-05-03,1592.25,1614.25,1589.5,,1935194.0,3061901.0
2013-05-02,1579.25,1594.25,1578.75,,1651280.0,3039955.0
2013-05-01,1593.75,1595.5,1576.0,,1467736.0,3027398.0
2013-04-30,1588.5,1594.25,1581.25,,1554113.0,3027047.0
2013-04-29,1576.25,1592.25,1573.75,,1234673.0,3010615.0
2013-04-26,1581.5,1582.5,1572.5,,1335009.0,3025650.0
2013-04-25,1573.0,1588.25,1570.75,,1594338.0,2996797.0
2013-04-24,1573.5,1579.0,1570.75,,1420026.0,2984052.0
2013-04-23,1557.25,1577.0,1548.75,,2107980.0,2986321.0
2013-04-22,1548.5,1561.0,1542.75,,1593692.0,2980861.0
2013-04-19,1537.0,1550.75,1535.25,,1862742.0,2979370.0
2013-04-18,1544.5,1553.5,1530.75,,2314982.0,2974851.0
2013-04-17,1569.25,1569.5,1538.0,,2968605.0,2999059.0
2013-04-16,1542.5,1570.75,1542.25,,2249005.0,3004260.0
2013-04-15,1582.25,1583.0,1538.75,,2854356.0,3017262.0
2013-04-12,1588.25,1589.75,1575.0,,1808001.0,3044403.0
2013-04-11,1583.5,1593.0,1580.75,,1721257.0,3045241.0
2013-04-10,1563.75,1584.5,1561.0,,2031363.0,3023014.0
2013-04-09,1560.75,1569.0,1555.5,,1632361.0,3012787.0
2013-04-08,1545.5,1562.75,1543.0,,1438013.0,3008538.0
2013-04-05,1554.75,1555.25,1533.25,,2268208.0,3010436.0
2013-04-04,1548.5,1557.5,1546.0,,1991850.0,3000088.0
2013-04-03,1566.0,1567.75,1544.0,,2262940.0,2994068.0
2013-04-02,1556.25,1568.0,1554.25,,1609532.0,2983372.0
2013-04-01,1563.0,1565.0,1552.5,,1135732.0,2954514.0
2013-03-28,1556.75,1564.5,1549.75,,1627305.0,2933541.0
2013-03-27,1558.25,1560.5,1545.75,,1568970.0,2915951.0
2013-03-26,1548.25,1558.75,1546.75,,1587656.0,2888010.0
2013-03-25,1550.0,1560.5,1539.0,,2254235.0,2885612.0
2013-03-22,1538.5,1554.0,1535.0,,1579587.0,2873746.0
2013-03-21,1549.5,1550.75,1536.5,,1904151.0,2876641.0
2013-03-20,1539.25,1555.75,1536.5,,1797647.0,2832895.0
2013-03-19,1547.25,1551.25,1531.75,,2545239.0,2838894.0
2013-03-18,1544.0,1552.5,1529.5,,2188168.0,2827037.0
2013-03-15,1561.25,1565.0,1559.75,,66574.0,946783.0
2013-03-14,1556.5,1563.5,1555.0,,368150.0,1036882.0
2013-03-13,1553.0,1557.0,1548.0,,504388.0,1258168.0
2013-03-12,1556.75,1557.0,1547.5,,794855.0,1569495.0
2013-03-11,1547.25,1557.25,1545.5,,754879.0,1842055.0
2013-03-08,1542.75,1553.5,1540.25,,1135710.0,2134086.0
2013-03-07,1539.75,1545.5,1537.5,,1670257.0,2486972.0
2013-03-06,1539.0,1544.75,1537.0,,2089206.0,2818916.0
2013-03-05,1526.75,1542.75,1524.5,,2366293.0,2963953.0
2013-03-04,1514.75,1527.5,1507.0,,1980276.0,2999850.0
2013-03-01,1512.5,1519.0,1499.5,,2544889.0,2999850.0
2013-02-28,1516.25,1524.5,1508.75,,2193202.0,3042309.0
2013-02-27,1493.25,1519.25,1490.0,,2452639.0,3104677.0
2013-02-26,1485.5,1497.75,1482.75,,2932756.0,3129679.0
2013-02-25,1515.5,1524.5,1481.75,,3093507.0,3122471.0
2013-02-22,1502.25,1515.0,1502.0,,1761451.0,3098934.0
2013-02-21,1507.75,1509.75,1495.0,,2503581.0,3092934.0
2013-02-20,1528.75,1530.0,1506.5,,2017382.0,3098220.0
2013-02-19,1518.0,1529.0,1515.25,,1498174.0,3091729.0
2013-02-18,1516.0,1519.0,1515.5,,115805.0,3141873.0
2013-02-15,1518.75,1521.75,1511.25,,1674261.0,3145995.0
2013-02-14,1516.25,1520.75,1510.0,,1369257.0,3100819.0
2013-02-13,1517.5,1522.0,1513.0,,1268482.0,3040795.0
2013-02-12,1512.5,1519.0,1508.5,,1258547.0,3034816.0
2013-02-11,1513.5,1517.0,1509.75,,1229887.0,3024409.0
2013-02-08,1505.0,1515.0,1503.75,,1428025.0,3039366.0
2013-02-07,1507.25,1511.0,1494.5,,1959424.0,3000249.0
2013-02-06,1507.25,1510.25,1499.0,,1739209.0,2991919.0
2013-02-05,1492.5,1511.0,1492.25,,1741561.0,2964032.0
2013-02-04,1508.0,1508.5,1490.25,,1740191.0,2942926.0
2013-02-01,1496.0,1510.5,1495.75,,1771608.0,2952773.0
2013-01-31,1494.25,1500.0,1491.25,,1638725.0,2986380.0
2013-01-30,1505.0,1506.0,1493.5,,1798387.0,2983094.0
2013-01-29,1495.5,1505.75,1491.0,,1496138.0,2964345.0
2013-01-28,1495.75,1500.0,1491.25,,1203634.0,2939527.0
2013-01-25,1487.75,1499.25,1486.75,,1573008.0,2944510.0
2013-01-24,1483.25,1497.75,1482.75,,1822913.0,2945028.0
2013-01-23,1490.5,1491.25,1484.5,,1190361.0,2972476.0
2013-01-22,1483.0,1491.5,1475.0,,1473299.0,2928094.0
2013-01-21,1478.0,1483.75,1478.0,,124915.0,2853060.0
2013-01-18,1475.5,1481.0,1470.5,,1447673.0,2873582.0
2013-01-17,1465.0,1480.5,1460.5,,1740296.0,2855894.0
2013-01-16,1467.0,1469.0,1460.0,,1230091.0,2811077.0
2013-01-15,1465.0,1468.25,1456.5,,1323808.0,2830204.0
2013-01-14,1466.75,1471.25,1460.25,,1168418.0,2797558.0
2013-01-11,1469.75,1471.5,1462.25,,1122234.0,2775649.0
2013-01-10,1456.5,1470.25,1454.75,,1536010.0,2772956.0
2013-01-09,1451.5,1459.5,1451.25,,1186764.0,2777505.0
2013-01-08,1456.75,1457.0,1446.0,,1366989.0,2788837.0
2013-01-07,1460.25,1460.75,1450.75,,1189020.0,2754086.0
2013-01-04,1454.0,1463.0,1451.25,,1509781.0,2754086.0
2013-01-03,1456.0,1460.5,1450.0,,1598235.0,2768605.0
2013-01-02,1443.0,1458.0,1438.25,,1939320.0,2765822.0
2012-12-31,1388.25,1425.75,1383.5,,1478128.0,2755128.0
2012-12-28,1413.25,1416.75,1382.25,,1061826.0,2781698.0
2012-12-27,1413.25,1418.5,1396.0,,1467429.0,2781698.0
2012-12-26,1424.0,1425.5,1410.75,,578176.0,2765655.0
2012-12-24,1424.25,1424.5,1417.5,,318126.0,2755660.0
2012-12-21,1445.5,1446.5,1393.0,,73100.0,745311.0
2012-12-20,1433.5,1446.25,1431.75,,340934.0,867894.0
2012-12-19,1445.0,1450.5,1432.75,,505063.0,867894.0
2012-12-18,1433.75,1448.25,1430.5,,874926.0,1041119.0
2012-12-17,1421.25,1434.25,1415.0,,853447.0,1335441.0
2012-12-14,1416.75,1425.5,1411.5,,1041852.0,1792181.0
2012-12-13,1425.75,1431.5,1415.75,,1950362.0,2362869.0
2012-12-12,1431.25,1438.75,1425.75,,1829769.0,2787233.0
2012-12-11,1417.5,1434.25,1415.0,,1772202.0,2898050.0
2012-12-10,1416.0,1421.0,1410.75,,1136014.0,2965528.0
2012-12-07,1412.25,1422.25,1408.5,,1771716.0,2976776.0
2012-12-06,1406.5,1413.5,1404.0,,1381373.0,3026018.0
2012-12-05,1402.75,1414.75,1396.75,,2045099.0,3034762.0
2012-12-04,1406.0,1411.75,1401.5,,1619569.0,3043920.0
2012-12-03,1413.25,1424.0,1404.5,,1652102.0,3042657.0
2012-11-30,1411.5,1419.5,1409.75,,1680252.0,3037657.0
2012-11-29,1406.75,1418.5,1404.5,,1877829.0,3044851.0
2012-11-28,1397.5,1408.75,1383.0,,2120666.0,3036262.0
2012-11-27,1404.0,1407.75,1395.5,,1637467.0,3055499.0
2012-11-26,1403.25,1405.0,1395.0,,1220665.0,3055794.0
2012-11-23,1391.75,1407.5,1387.25,,910642.0,3052902.0
2012-11-22,1389.0,1393.75,1388.75,,114558.0,3068623.0
2012-11-21,1386.0,1389.75,1377.0,,1064943.0,3066774.0
2012-11-20,1380.0,1387.5,1374.0,,1538979.0,3066774.0
2012-11-19,1360.75,1385.75,1360.25,,1736394.0,3045985.0
2012-11-16,1351.5,1360.5,1340.25,,2588254.0,3048449.0
2012-11-15,1354.0,1359.0,1345.25,,2405346.0,3066032.0
2012-11-14,1373.25,1381.75,1349.5,,2448702.0,3074002.0
2012-11-13,1378.25,1386.25,1365.75,,1950242.0,3032864.0
2012-11-12,1375.25,1381.75,1372.5,,1130556.0,3047398.0
2012-11-09,1375.75,1388.0,1363.5,,2549123.0,3061897.0
2012-11-08,1390.25,1397.5,1372.5,,2614835.0,3071063.0
2012-11-07,1425.0,1431.75,1384.0,,3190105.0,3049237.0
2012-11-06,1411.0,1429.25,1409.75,,1481236.0,2957854.0
2012-11-05,1402.75,1415.5,1402.5,,1385411.0,2985203.0
2012-11-02,1423.25,1431.5,1405.0,,2088815.0,2978796.0
2012-11-01,1402.0,1425.0,1398.5,,1705826.0,2949574.0
2012-10-31,1412.5,1418.25,1400.5,,1775115.0,2980425.0
2012-10-30,1399.25,1412.25,1393.0,,178848.0,2985990.0
2012-10-29,1406.25,1407.0,1397.0,,181669.0,2978558.0
2012-10-26,1409.75,1412.5,1394.5,,2089836.0,2992766.0
2012-10-25,1406.25,1416.75,1399.5,,1807809.0,2975347.0
2012-10-24,1406.5,1415.0,1401.75,,1756752.0,2964441.0
2012-10-23,1430.75,1433.25,1402.0,,2301468.0,2960009.0
2012-10-22,1424.5,1431.25,1416.75,,1777659.0,2932032.0
2012-10-19,1451.25,1453.5,1423.5,,2399785.0,2938325.0
2012-10-18,1457.0,1459.75,1447.75,,1805789.0,3013923.0
2012-10-17,1449.25,1457.75,1446.25,,1534392.0,2940616.0
2012-10-16,1436.0,1451.5,1434.5,,1621207.0,2899774.0
2012-10-15,1423.5,1436.5,1416.5,,1524636.0,2900680.0
2012-10-12,1428.25,1434.5,1420.0,,1620801.0,2897739.0
2012-10-11,1425.75,1439.25,1421.25,,1582367.0,2894922.0
2012-10-10,1437.0,1437.75,1425.0,,1672672.0,2881331.0
2012-10-09,1449.75,1454.5,1435.25,,1954989.0,2877110.0
2012-10-08,1457.25,1457.25,1447.5,,961104.0,2862707.0
2012-10-05,1455.75,1466.0,1451.25,,1679196.0,2864399.0
2012-10-04,1444.0,1457.75,1444.0,,1565475.0,2861644.0
2012-10-03,1440.25,1448.75,1435.5,,1540216.0,2861212.0
2012-10-02,1436.5,1446.0,1432.25,,1609875.0,2903044.0
2012-10-01,1432.75,1451.5,1427.75,,1901880.0,2907028.0
2012-09-28,1441.0,1443.5,1429.0,,2098950.0,2920153.0
2012-09-27,1427.5,1444.5,1427.5,,1754731.0,2919321.0
2012-09-26,1436.75,1439.75,1424.0,,1778971.0,2893511.0
2012-09-25,1451.75,1457.0,1435.0,,1811493.0,2824334.0
2012-09-24,1450.25,1454.5,1444.75,,1257245.0,2803075.0
2012-09-21,1460.75,1469.25,1460.25,,60974.0,878835.0
2012-09-20,1459.75,1461.75,1450.0,,309519.0,962427.0
2012-09-19,1460.0,1465.5,1457.75,,457469.0,962427.0
2012-09-18,1460.5,1463.25,1455.75,,762526.0,1149736.0
2012-09-17,1465.75,1465.75,1457.5,,668585.0,1489414.0
2012-09-14,1456.5,1474.75,1456.5,,1291413.0,1766092.0
2012-09-13,1438.25,1464.25,1435.0,,2599658.0,2218039.0
2012-09-12,1430.5,1440.25,1428.5,,1725227.0,2672629.0
2012-09-11,1425.5,1437.5,1421.5,,1429945.0,2840731.0
2012-09-10,1436.75,1438.0,1425.75,,1096354.0,2983055.0
2012-09-07,1431.0,1438.75,1430.5,,1468529.0,2996654.0
2012-09-06,1403.5,1432.25,1403.25,,2040127.0,3026244.0
2012-09-05,1406.25,1408.25,1397.25,,1429011.0,2997724.0
2012-09-04,1408.75,1409.25,1394.5,,1680036.0,3014306.0
2012-09-03,1406.25,1409.5,1396.75,,161515.0,3037998.0
2012-08-31,1397.0,1412.25,1395.5,,2046718.0,3036351.0
2012-08-30,1407.0,1407.75,1395.25,,1217187.0,3031988.0
2012-08-29,1407.25,1412.5,1404.75,,959177.0,3029887.0
2012-08-28,1408.25,1412.0,1403.25,,1209952.0,3006498.0
2012-08-27,1410.0,1416.0,1407.0,,929925.0,2991505.0
2012-08-24,1399.75,1412.0,1395.25,,1571472.0,2995536.0
2012-08-23,1412.25,1418.0,1398.0,,1592209.0,2962988.0
2012-08-22,1412.75,1414.25,1404.25,,1671976.0,2972094.0
2012-08-21,1414.75,1424.75,1408.0,,1730302.0,2953918.0
2012-08-20,1415.0,1418.0,1409.5,,1110701.0,2955045.0
2012-08-17,1413.75,1416.75,1410.75,,1138845.0,2935039.0
2012-08-16,1403.5,1415.5,1401.75,,1482299.0,2902712.0
2012-08-15,1401.25,1405.75,1397.0,,1102404.0,2897590.0
2012-08-14,1402.0,1409.5,1397.25,,1435041.0,2884729.0
2012-08-13,1400.5,1404.0,1394.25,,1202738.0,2852295.0
2012-08-10,1400.25,1402.75,1392.0,,1241893.0,2839596.0
2012-08-09,1398.5,1403.75,1393.75,,1179236.0,2820919.0
2012-08-08,1396.5,1400.25,1390.5,,1227651.0,2808926.0
2012-08-07,1390.0,1403.25,1387.5,,1459898.0,2802895.0
2012-08-06,1390.25,1395.75,1387.25,,1164883.0,2789278.0
2012-08-03,1362.25,1390.5,1360.0,,1943890.0,2799500.0
2012-08-02,1370.0,1383.0,1349.25,,2827731.0,2818329.0
2012-08-01,1372.0,1381.5,1367.75,,1789642.0,2745910.0
2012-07-31,1380.0,1386.5,1371.0,,1774239.0,2732125.0
2012-07-30,1379.25,1387.5,1375.75,,1483220.0,2739745.0
2012-07-27,1354.75,1385.0,1352.75,,2495264.0,2786322.0
2012-07-26,1334.75,1358.75,1327.75,,2275647.0,2803798.0
2012-07-25,1331.0,1340.0,1321.25,,1840145.0,2832270.0
2012-07-24,1343.75,1346.5,1323.75,,2110235.0,2838586.0
2012-07-23,1355.5,1356.75,1332.0,,2078031.0,2825947.0
2012-07-20,1371.5,1372.0,1357.0,,1799655.0,2809562.0
2012-07-19,1367.25,1376.0,1366.0,,1742592.0,2804013.0
2012-07-18,1358.5,1370.5,1352.5,,1797476.0,2791638.0
2012-07-17,1347.25,1360.5,1339.25,,1970476.0,2788070.0
2012-07-16,1351.25,1352.5,1343.0,,1546166.0,2793770.0
2012-07-13,1329.25,1353.25,1328.75,,1758313.0,2805218.0
2012-07-12,1336.5,1339.5,1319.75,,1904845.0,2796788.0
2012-07-11,1335.0,1342.5,1327.75,,1910327.0,2786227.0
2012-07-10,1349.0,1356.5,1330.5,,2019424.0,2779384.0
2012-07-09,1349.25,1350.25,1341.0,,1468459.0,2750846.0
2012-07-06,1361.5,1364.0,1342.25,,1952810.0,2752042.0
2012-07-05,1366.0,1375.0,1357.0,,1880977.0,2743266.0
2012-07-04,1366.5,1370.0,1363.75,,110609.0,2713523.0
2012-07-03,1358.25,1369.5,1355.25,,1043774.0,2714985.0
2012-07-02,1358.75,1362.25,1349.5,,1687967.0,2714985.0
2012-06-29,1322.0,1359.5,1316.0,,2484771.0,2718455.0
2012-06-28,1325.75,1327.75,1306.75,,2290787.0,2740099.0
2012-06-27,1315.75,1328.5,1312.0,,1615882.0,2747945.0
2012-06-26,1306.75,1318.0,1303.25,,1810326.0,2727651.0
2012-06-25,1325.5,1326.5,1302.5,,1840378.0,2713459.0
2012-06-22,1318.5,1331.75,1318.25,,1858689.0,2652686.0
2012-06-21,1350.75,1353.25,1317.5,,2708047.0,2649917.0
2012-06-20,1350.0,1355.5,1338.75,,2359064.0,2619510.0
2012-06-19,1340.75,1357.0,1336.5,,1771063.0,2577825.0
2012-06-18,1345.25,1347.5,1327.25,,2069087.0,2571236.0
2012-06-15,1332.25,1339.75,1331.25,,72958.0,865042.0
2012-06-14,1315.75,1334.5,1311.75,,485343.0,990778.0
2012-06-13,1326.25,1327.75,1310.25,,510825.0,990778.0
2012-06-12,1307.5,1327.25,1303.75,,817732.0,1176759.0
2012-06-11,1342.0,1349.0,1306.25,,1171295.0,1550720.0
2012-06-08,1316.25,1329.5,1305.5,,1334013.0,2040231.0
2012-06-07,1315.25,1329.5,1312.0,,2577317.0,2482306.0
2012-06-06,1285.25,1315.75,1283.0,,2836135.0,2773548.0
2012-06-05,1273.25,1286.75,1267.5,,2034610.0,2921466.0
2012-06-04,1275.0,1281.5,1262.0,,2334031.0,2960597.0
2012-06-01,1306.25,1307.5,1273.5,,3276495.0,3008101.0
2012-05-31,1309.0,1319.0,1297.25,,2745153.0,2961742.0
2012-05-30,1333.5,1334.25,1308.0,,2313601.0,2979748.0
2012-05-29,1321.0,1334.25,1317.5,,2235310.0,2959600.0
2012-05-28,1322.0,1328.5,1319.75,,152984.0,2951359.0
2012-05-25,1322.5,1329.75,1312.0,,1519593.0,2950849.0
2012-05-24,1315.75,1323.5,1306.0,,2171122.0,2962701.0
2012-05-23,1315.5,1319.0,1294.0,,2555000.0,2971911.0
2012-05-22,1315.25,1326.5,1307.5,,2449047.0,2942926.0
2012-05-21,1291.75,1316.0,1287.25,,2041257.0,2928492.0
2012-05-18,1302.0,1310.5,1289.75,,2775704.0,2957278.0
2012-05-17,1323.0,1330.75,1300.5,,2883903.0,2927847.0
2012-05-16,1328.75,1339.75,1320.75,,2281345.0,2941326.0
2012-05-15,1334.5,1347.0,1325.5,,2395350.0,2929667.0
2012-05-14,1346.0,1351.0,1333.25,,1912794.0,2870892.0
2012-05-11,1357.5,1363.25,1344.0,,1839116.0,2859612.0
2012-05-10,1351.25,1363.75,1345.75,,1836066.0,2842146.0
2012-05-09,1359.0,1360.75,1339.25,,2523171.0,2856301.0
2012-05-08,1365.25,1368.0,1343.75,,2306906.0,2832476.0
2012-05-07,1354.0,1370.25,1342.5,,1606353.0,2826296.0
2012-05-04,1386.5,1389.0,1361.5,,2074698.0,2833205.0
2012-05-03,1397.5,1402.75,1384.5,,1759554.0,2800522.0
2012-05-02,1400.5,1404.75,1389.25,,1679970.0,2818494.0
2012-05-01,1394.25,1411.75,1391.25,,1305365.0,2825580.0
2012-04-30,1400.25,1402.5,1389.75,,1319740.0,2820525.0
2012-04-27,1396.75,1403.0,1386.5,,1610498.0,2844782.0
2012-04-26,1387.25,1398.25,1381.0,,1666428.0,2852617.0
2012-04-25,1370.75,1387.75,1369.5,,1827184.0,2816352.0
2012-04-24,1363.0,1371.25,1361.0,,1439403.0,2791554.0
2012-04-23,1372.25,1374.75,1354.0,,1848613.0,2808295.0
2012-04-20,1373.75,1383.25,1371.25,,1808198.0,2779316.0
2012-04-19,1378.75,1390.0,1365.5,,2631716.0,2792920.0
2012-04-18,1383.75,1386.75,1377.75,,1848186.0,2787008.0
2012-04-17,1364.25,1388.75,1359.25,,1847678.0,2781649.0
2012-04-16,1366.0,1375.25,1360.5,,1959799.0,2769578.0
2012-04-13,1385.75,1388.5,1363.75,,1925749.0,2760858.0
2012-04-12,1364.25,1386.25,1363.25,,1852924.0,2762959.0
2012-04-11,1357.75,1370.5,1357.5,,1739768.0,2735723.0
2012-04-10,1374.25,1380.75,1352.5,,2514979.0,2756491.0
2012-04-09,1375.0,1382.75,1371.75,,1082026.0,2746096.0
2012-04-06,1390.5,1394.75,1372.0,,197999.0,2740195.0
2012-04-05,1393.25,1397.75,1384.0,,1536406.0,2727847.0
2012-04-04,1409.0,1409.0,1388.5,,1826283.0,2706184.0
2012-04-03,1412.0,1414.25,1399.5,,1673086.0,2736147.0
2012-04-02,1407.25,1417.75,1399.0,,1718252.0,2738339.0
2012-03-30,1398.0,1406.25,1395.75,,1616860.0,2709590.0
2012-03-29,1399.5,1404.0,1386.25,,1826376.0,2730099.0
2012-03-28,1406.25,1412.25,1392.0,,1752041.0,2726812.0
2012-03-27,1415.0,1419.75,1406.0,,1251732.0,2722273.0
2012-03-26,1393.75,1415.5,1392.5,,1456063.0,2702345.0
2012-03-23,1389.0,1395.25,1380.5,,1559328.0,2697307.0
2012-03-22,1397.75,1400.75,1382.5,,1682241.0,2700517.0
2012-03-21,1400.0,1405.75,1394.25,,1533339.0,2696753.0
2012-03-20,1404.0,1405.0,1391.75,,1583682.0,2692793.0
2012-03-19,1397.25,1408.0,1393.5,,1517944.0,2680501.0
2012-03-16,1401.5,1406.25,1400.0,,48062.0,703075.0
2012-03-15,1394.0,1403.0,1390.5,,352598.0,787821.0
2012-03-14,1396.5,1399.75,1390.0,,511055.0,787821.0
2012-03-13,1372.5,1397.0,1371.5,,1018838.0,946449.0
2012-03-12,1372.75,1372.75,1366.0,,904651.0,1375654.0
2012-03-09,1366.25,1374.5,1363.25,,1062312.0,1854247.0
2012-03-08,1352.75,1368.5,1350.5,,1830086.0,2179740.0
2012-03-07,1341.5,1354.25,1341.25,,1888277.0,2624143.0
2012-03-06,1364.0,1365.75,1338.5,,2446910.0,2737111.0
2012-03-05,1367.25,1369.5,1358.0,,1528635.0,2757168.0
2012-03-02,1374.5,1377.0,1365.0,,1458860.0,2785199.0
2012-03-01,1362.25,1375.25,1358.75,,1966089.0,2782610.0
2012-02-29,1371.25,1377.25,1356.75,,2280683.0,2767710.0
2012-02-28,1367.25,1373.75,1364.5,,1540432.0,2736498.0
2012-02-27,1363.25,1370.75,1353.0,,1662699.0,2733319.0
2012-02-24,1363.0,1368.5,1361.5,,1165325.0,2723016.0
2012-02-23,1356.0,1363.75,1350.25,,1593827.0,2715233.0
2012-02-22,1359.75,1364.0,1353.0,,1439240.0,2709926.0
2012-02-21,1366.0,1367.75,1355.75,,1582147.0,2723429.0
2012-02-20,1366.75,1369.5,1362.25,,190288.0,2711174.0
2012-02-17,1354.75,1361.25,1353.0,,1247605.0,2711174.0
2012-02-16,1341.75,1357.25,1334.25,,1959657.0,2693762.0
2012-02-15,1347.5,1358.0,1338.0,,2275907.0,2688692.0
2012-02-14,1349.25,1352.0,1337.75,,1735366.0,2684468.0
2012-02-13,1347.25,1352.25,1342.75,,1234654.0,2652514.0
2012-02-10,1348.0,1348.25,1333.75,,1713453.0,2694896.0
2012-02-09,1347.0,1352.75,1340.75,,1750116.0,2681372.0
2012-02-08,1344.25,1348.25,1338.25,,1540962.0,2663724.0
2012-02-07,1339.0,1345.75,1331.75,,1498761.0,2660225.0
2012-02-06,1336.5,1340.5,1330.25,,1191584.0,2662818.0
2012-02-03,1322.75,1342.0,1320.0,,1704222.0,2669758.0
2012-02-02,1320.25,1326.0,1317.0,,1352211.0,2649993.0
2012-02-01,1307.75,1327.0,1303.75,,1904532.0,2680101.0
2012-01-31,1309.0,1317.5,1302.25,,1891559.0,2672094.0
2012-01-30,1314.0,1314.5,1296.0,,1710571.0,2641729.0
2012-01-27,1314.75,1319.25,1307.0,,1730421.0,2630855.0
2012-01-26,1320.75,1329.75,1309.25,,2001696.0,2700924.0
2012-01-25,1311.25,1324.75,1303.0,,1968562.0,2687268.0
2012-01-24,1311.25,1311.75,1301.5,,1468957.0,2649002.0
2012-01-23,1307.5,1318.25,1305.0,,1594961.0,2654751.0
2012-01-20,1310.0,1311.75,1304.75,,1416582.0,2659069.0
2012-01-19,1302.75,1311.5,1299.25,,1837168.0,2656811.0
2012-01-18,1289.0,1304.25,1286.5,,2003604.0,2645203.0
2012-01-17,1290.5,1302.5,1286.0,,1836820.0,2608231.0
2012-01-16,1285.25,1292.25,1281.25,,175626.0,2613916.0
2012-01-13,1292.0,1295.0,1272.75,,2114591.0,2613516.0
2012-01-12,1288.25,1297.5,1280.75,,1754245.0,2593643.0
2012-01-11,1286.0,1289.5,1279.25,,1800297.0,2597783.0
2012-01-10,1275.0,1292.0,1274.5,,1531383.0,2578611.0
2012-01-09,1274.75,1277.75,1267.25,,1437855.0,2579341.0
2012-01-06,1273.25,1282.25,1266.75,,1691681.0,2571183.0
2012-01-05,1273.25,1278.0,1259.75,,1815274.0,2580006.0
2012-01-04,1272.0,1274.75,1262.75,,1417634.0,2560482.0
2012-01-03,1274.75,1280.0,1270.25,,1563690.0,2658349.0
2011-12-30,1256.75,1260.5,1250.75,,691026.0,2609084.0
2011-12-29,1244.0,1258.5,1243.75,,874817.0,2598919.0
2011-12-28,1260.0,1264.5,1243.0,,1012280.0,2598919.0
2011-12-27,1260.5,1264.0,1256.0,,507304.0,2594367.0
2011-12-23,1249.5,1260.75,1248.75,,693965.0,2587797.0
2011-12-22,1236.0,1251.0,1232.25,,1332518.0,2567911.0
2011-12-21,1236.0,1249.0,1223.0,,1986543.0,2554237.0
2011-12-20,1199.0,1237.25,1198.75,,1825749.0,2532031.0
2011-12-19,1212.0,1219.75,1195.5,,1683745.0,2511559.0
2011-12-16,1218.25,1229.25,1217.25,,75185.0,908509.0
2011-12-15,1212.75,1227.0,1204.5,,327313.0,1049324.0
2011-12-14,1226.0,1232.5,1209.0,,593669.0,1288413.0
2011-12-13,1235.0,1249.75,1218.5,,999447.0,1683342.0
2011-12-12,1256.0,1260.5,1226.0,,908398.0,2048005.0
2011-12-09,1235.5,1260.5,1228.5,,1143685.0,2388218.0
2011-12-08,1263.75,1272.0,1230.75,,2442801.0,2654178.0
2011-12-07,1255.5,1268.0,1244.0,,2724649.0,2789338.0
2011-12-06,1253.25,1265.75,1245.25,,2187368.0,2789338.0
2011-12-05,1248.0,1266.25,1248.0,,2333966.0,2828861.0
2011-12-02,1243.5,1262.75,1242.0,,2179603.0,2842871.0
2011-12-01,1243.75,1251.0,1235.75,,2110759.0,2879027.0
2011-11-30,1195.0,1246.75,1183.0,,3298494.0,2972939.0
2011-11-29,1190.75,1206.0,1186.25,,3292771.0,2950153.0
2011-11-28,1172.0,1196.25,1169.25,,2362657.0,2987615.0
2011-11-25,1160.0,1171.25,1147.5,,1518196.0,2989734.0
2011-11-24,1160.25,1173.75,1156.0,,2325948.0,2994170.0
2011-11-23,1182.75,1185.0,1158.5,,2322710.0,2981872.0
2011-11-22,1190.75,1199.0,1179.25,,2306860.0,2981872.0
2011-11-21,1208.0,1209.0,1180.5,,2401770.0,2949110.0
2011-11-18,1215.0,1229.75,1208.75,,2178618.0,2948205.0
2011-11-17,1231.25,1241.75,1206.5,,3096973.0,2956121.0
2011-11-16,1254.5,1258.75,1230.5,,2711882.0,2945937.0
2011-11-15,1251.5,1262.25,1234.0,,2243400.0,2924905.0
2011-11-14,1264.25,1270.75,1243.5,,1889071.0,2924794.0
2011-11-11,1237.5,1264.75,1233.75,,1603127.0,2910203.0
2011-11-10,1226.25,1245.0,1218.25,,2584328.0,2878090.0
2011-11-09,1273.25,1274.0,1222.75,,3248837.0,2886130.0
2011-11-08,1257.5,1275.25,1248.5,,2241483.0,2870177.0
2011-11-07,1253.25,1259.5,1232.0,,1982159.0,2841443.0
2011-11-04,1255.75,1258.75,1234.5,,2243027.0,2832228.0
2011-11-03,1234.25,1259.75,1213.5,,2822923.0,2799002.0
2011-11-02,1223.5,1238.75,1216.5,,2264238.0,2810930.0
2011-11-01,1247.5,1248.0,1208.5,,2238819.0,2872959.0
2011-10-31,1280.0,1280.75,1245.25,,2239270.0,2839145.0
2011-10-28,1282.25,1284.25,1272.75,,1932702.0,2839103.0
2011-10-27,1238.0,1289.25,1237.5,,3324091.0,2916640.0
2011-10-26,1225.0,1242.5,1216.5,,2697660.0,2985716.0
2011-10-25,1247.0,1254.5,1222.25,,2635786.0,2994122.0
2011-10-24,1229.75,1252.5,1226.75,,2006311.0,2984444.0
2011-10-21,1208.75,1235.75,1208.0,,2115010.0,2992779.0
2011-10-20,1206.75,1216.25,1192.5,,2898123.0,2976324.0
2011-10-19,1222.75,1227.25,1201.5,,2430802.0,2987028.0
2011-10-18,1194.0,1229.75,1185.5,,2978540.0,2994319.0
2011-10-17,1218.25,1230.75,1193.5,,2385603.0,3004602.0
2011-10-14,1197.5,1221.5,1193.0,,2244214.0,3021872.0
2011-10-13,1198.5,1204.25,1185.25,,2316227.0,2954661.0
2011-10-12,1187.5,1216.0,1180.75,,2559219.0,2990284.0
2011-10-11,1190.5,1194.75,1180.75,,1953734.0,3007577.0
2011-10-10,1157.75,1192.25,1156.5,,1776333.0,2994500.0
2011-10-07,1157.25,1173.75,1144.75,,2865466.0,3053178.0
2011-10-06,1135.0,1160.5,1129.0,,2903759.0,3116403.0
2011-10-05,1114.5,1141.25,1106.5,,3039981.0,3115881.0
2011-10-04,1087.5,1119.75,1068.0,,4190407.0,3139609.0
2011-10-03,1123.0,1133.5,1085.25,,3504183.0,3115740.0
2011-09-30,1157.25,1159.75,1121.5,,2980938.0,3006367.0
2011-09-29,1148.25,1170.75,1133.5,,2975702.0,2956018.0
2011-09-28,1169.0,1181.75,1143.5,,2802438.0,2976156.0
2011-09-27,1157.5,1190.0,1155.0,,3258954.0,2974168.0
2011-09-26,1122.0,1159.0,1115.0,,3089036.0,3062794.0
2011-09-23,1124.25,1138.5,1102.0,,3365634.0,3067211.0
2011-09-22,1155.25,1159.0,1106.75,,4741905.0,3081477.0
2011-09-21,1196.75,1203.75,1155.0,,3254771.0,2936112.0
2011-09-20,1196.75,1214.5,1185.25,,2614553.0,2918960.0
2011-09-19,1199.25,1203.75,1181.5,,2446620.0,2897053.0
2011-09-16,1210.0,1216.75,1201.5,,51069.0,1230321.0
2011-09-15,1189.0,1212.0,1182.25,,216553.0,1353269.0
2011-09-14,1171.25,1202.5,1154.25,,868479.0,1353269.0
2011-09-13,1162.75,1176.75,1145.0,,1129051.0,1681494.0
2011-09-12,1143.5,1164.0,1129.5,,1148718.0,2234432.0
2011-09-09,1185.75,1194.0,1146.75,,1615259.0,2683030.0
2011-09-08,1199.25,1203.75,1182.0,,2136073.0,2994565.0
2011-09-07,1164.5,1199.75,1163.75,,2595150.0,3415957.0
2011-09-06,1143.0,1166.0,1136.0,,3522564.0,3594453.0
2011-09-05,1165.0,1166.75,1138.25,,2427798.0,3528629.0
2011-09-02,1201.0,1203.25,1168.5,,2427798.0,3540459.0
2011-09-01,1218.0,1228.5,1200.75,,2656315.0,3435920.0
2011-08-31,1204.25,1229.75,1201.25,,3159833.0,3451099.0
2011-08-30,1208.0,1218.75,1193.5,,2576230.0,3467846.0
2011-08-29,1175.5,1208.75,1172.25,,1832857.0,3471251.0
2011-08-26,1157.0,1179.75,1132.75,,3053686.0,3452313.0
2011-08-25,1171.5,1188.5,1153.0,,3198280.0,3429011.0
2011-08-24,1159.0,1176.75,1142.5,,2616278.0,3395461.0
2011-08-23,1123.5,1160.75,1118.5,,3338118.0,3371817.0
2011-08-22,1122.0,1146.5,1111.25,,2714560.0,3396068.0
2011-08-19,1143.75,1153.25,1117.5,,3583223.0,3390307.0
2011-08-18,1189.5,1190.0,1128.25,,3809916.0,3363879.0
2011-08-17,1191.75,1206.75,1181.5,,2112805.0,3203678.0
2011-08-16,1196.5,1201.5,1177.5,,2556621.0,3169438.0
2011-08-15,1179.75,1201.75,1176.25,,2002026.0,3367839.0
2011-08-12,1168.25,1186.75,1146.75,,2720118.0,3371749.0
2011-08-11,1123.0,1184.0,1103.0,,4482222.0,3385012.0
2011-08-10,1171.0,1178.75,1113.75,,4925051.0,3446782.0
2011-08-09,1113.0,1175.5,1077.0,,6285917.0,3337317.0
2011-08-08,1167.25,1189.0,1109.5,,6173318.0,3242540.0
2011-08-05,1199.5,1219.0,1163.25,,6160540.0,2938984.0
2011-08-04,1254.25,1264.25,1193.25,,5039775.0,2960288.0
2011-08-03,1248.25,1258.0,1230.25,,3815275.0,2837954.0
2011-08-02,1279.75,1285.0,1246.75,,3293753.0,2786136.0
2011-08-01,1306.0,1309.75,1270.25,,3020191.0,2717702.0
2011-07-29,1297.75,1300.75,1278.5,,2889931.0,2689055.0
2011-07-28,1299.25,1313.0,1295.25,,2338767.0,2633648.0
2011-07-27,1326.0,1328.5,1298.0,,2535676.0,2622989.0
2011-07-26,1333.5,1339.75,1325.5,,1698186.0,2558292.0
2011-07-25,1330.0,1340.25,1322.0,,1640963.0,2567417.0
2011-07-22,1341.25,1347.75,1332.75,,1478170.0,2559590.0
2011-07-21,1321.75,1343.5,1315.0,,2311771.0,2575395.0
2011-07-20,1321.25,1329.75,1319.25,,1637321.0,2594680.0
2011-07-19,1301.5,1324.25,1300.25,,2098625.0,2585860.0
2011-07-18,1314.5,1314.75,1291.25,,2168734.0,2565507.0
2011-07-15,1307.75,1315.5,1300.5,,2298613.0,2547985.0
2011-07-14,1312.25,1323.25,1302.0,,2877782.0,2575806.0
2011-07-13,1310.75,1327.75,1307.25,,2315093.0,2579101.0
2011-07-12,1318.0,1323.25,1295.25,,2888474.0,2589528.0
2011-07-11,1339.25,1339.5,1311.75,,2432258.0,2558138.0
2011-07-08,1351.5,1354.5,1329.25,,2253551.0,2525676.0
2011-07-07,1336.0,1352.75,1335.75,,1678156.0,2502471.0
2011-07-06,1336.0,1340.75,1326.5,,1819425.0,2486568.0
2011-07-05,1334.0,1337.75,1329.25,,1729821.0,2485036.0
2011-07-04,1334.5,1334.75,1328.25,,1955127.0,2468230.0
2011-07-01,1314.75,1336.5,1312.5,,1954616.0,2480842.0
2011-06-30,1304.0,1317.5,1302.25,,1875270.0,2490419.0
2011-06-29,1293.5,1305.5,1291.5,,2489063.0,2484633.0
2011-06-28,1277.0,1295.0,1271.5,,1913881.0,2507415.0
2011-06-27,1265.0,1280.0,1257.0,,2000732.0,2536579.0
2011-06-24,1277.5,1286.0,1261.25,,2499136.0,2575596.0
2011-06-23,1280.0,1280.75,1257.0,,3316080.0,2548765.0
2011-06-22,1287.75,1293.75,1279.5,,1872931.0,2524036.0
2011-06-21,1273.25,1292.75,1271.75,,2075568.0,2531071.0
2011-06-20,1265.0,1275.25,1256.25,,1675608.0,2540173.0
2011-06-17,1269.5,1282.5,1264.25,,33628.0,978781.0
2011-06-16,1266.25,1274.5,1258.0,,165520.0,1120694.0
2011-06-15,1288.75,1289.0,1261.25,,757016.0,1120694.0
2011-06-14,1272.0,1292.5,1270.5,,1067759.0,1300503.0
2011-06-13,1270.0,1277.25,1265.0,,798749.0,1728294.0
2011-06-10,1287.75,1288.75,1267.0,,1453530.0,2015364.0
2011-06-09,1277.75,1294.0,1275.25,,1725026.0,2296072.0
2011-06-08,1285.0,1287.75,1276.25,,2695851.0,2671828.0
2011-06-07,1285.25,1295.5,1282.5,,2069553.0,2803593.0
2011-06-06,1298.75,1299.0,1283.25,,2185300.0,2889057.0
2011-06-03,1312.25,1313.5,1294.5,,2677734.0,2930588.0
2011-06-02,1313.25,1317.75,1304.25,,2433178.0,2815208.0
2011-06-01,1344.75,1347.75,1311.25,,2681845.0,2835132.0
2011-05-31,1331.0,1345.75,1330.75,,1927228.0,2815719.0
2011-05-30,1329.75,1333.0,1328.25,,1393298.0,2775088.0
2011-05-27,1326.5,1333.75,1324.5,,1393298.0,2760252.0
2011-05-26,1316.5,1327.5,1312.5,,2286732.0,2762061.0
2011-05-25,1313.0,1324.5,1302.25,,2100699.0,2780614.0
2011-05-24,1314.75,1322.5,1311.75,,1860601.0,2761199.0
2011-05-23,1326.0,1327.0,1310.75,,2054242.0,2752316.0
2011-05-20,1341.5,1344.0,1327.0,,2247208.0,2719462.0
2011-05-19,1338.25,1345.5,1334.5,,1825276.0,2706744.0
2011-05-18,1326.25,1340.5,1324.5,,1612220.0,2695103.0
2011-05-17,1325.25,1332.0,1316.0,,2292146.0,2688008.0
2011-05-16,1332.0,1341.25,1324.75,,2177046.0,2666484.0
2011-05-13,1347.25,1352.5,1330.5,,2235430.0,2650027.0
2011-05-12,1339.25,1348.75,1328.75,,2254909.0,2647161.0
2011-05-11,1353.75,1358.25,1333.0,,2190906.0,2664963.0
2011-05-10,1342.5,1356.5,1339.0,,1571216.0,2680756.0
2011-05-09,1337.25,1346.25,1334.5,,1666599.0,2677123.0
2011-05-06,1334.25,1351.75,1331.75,,2673077.0,2751590.0
2011-05-05,1343.25,1348.75,1325.25,,2915006.0,2758798.0
2011-05-04,1351.75,1355.0,1337.5,,2382666.0,2790443.0
2011-05-03,1357.75,1358.5,1345.75,,1674060.0,2794195.0
2011-05-02,1363.25,1373.5,1354.75,,1707040.0,2742024.0
2011-04-29,1355.0,1363.75,1352.75,,1272342.0,2742628.0
2011-04-28,1351.5,1358.5,1346.75,,1706910.0,2743397.0
2011-04-27,1341.0,1354.25,1340.25,,1386295.0,2751861.0
2011-04-26,1330.75,1346.25,1328.0,,1386038.0,2726416.0
2011-04-25,1330.5,1335.25,1327.25,,599322.0,2693363.0
2011-04-21,1328.5,1337.75,1328.0,,1276072.0,2681863.0
2011-04-20,1308.75,1330.5,1308.5,,1870001.0,2693117.0
2011-04-19,1301.0,1309.5,1294.0,,1528995.0,2693117.0
2011-04-18,1318.25,1318.75,1290.25,,2255340.0,2687640.0
2011-04-15,1310.5,1319.25,1305.75,,1644200.0,2683332.0
2011-04-14,1309.25,1313.25,1298.25,,2027796.0,2690414.0
2011-04-13,1308.25,1318.75,1305.0,,1919662.0,2667514.0
2011-04-12,1320.25,1320.5,1305.25,,2078928.0,2685024.0
2011-04-11,1325.75,1330.25,1317.0,,1527470.0,2695169.0
2011-04-08,1328.5,1335.75,1318.75,,1858868.0,2688459.0
2011-04-07,1329.0,1335.25,1322.25,,2180272.0,2671718.0
2011-04-06,1327.0,1336.5,1326.0,,1656416.0,2665569.0
2011-04-05,1329.75,1334.25,1323.0,,1558287.0,2675137.0
2011-04-04,1327.0,1332.75,1324.5,,1273974.0,2646233.0
2011-04-01,1321.25,1333.75,1320.5,,1660075.0,2635255.0
2011-03-31,1324.5,1325.75,1320.5,,1521964.0,2647743.0
2011-03-30,1316.25,1327.75,1314.75,,1407633.0,2638334.0
2011-03-29,1302.75,1317.75,1300.25,,1549071.0,2650848.0
2011-03-28,1309.25,1315.25,1302.0,,1290490.0,2631428.0
2011-03-25,1304.5,1314.5,1304.0,,1651563.0,2598402.0
2011-03-24,1292.0,1306.75,1289.25,,1833298.0,2603534.0
2011-03-23,1287.75,1296.0,1279.0,,1939892.0,2587522.0
2011-03-22,1292.5,1296.5,1287.5,,1441789.0,2568898.0
2011-03-21,1276.25,1296.25,1274.75,,1488232.0,2553822.0
2011-03-18,1272.25,1293.25,1266.25,,40953.0,1141824.0
2011-03-17,1259.75,1279.25,1246.5,,194433.0,1241035.0
2011-03-16,1280.0,1288.25,1248.0,,798954.0,1241035.0
2011-03-15,1295.5,1298.0,1256.0,,1008182.0,1458735.0
2011-03-14,1302.25,1305.75,1286.0,,817826.0,1737831.0
2011-03-11,1293.75,1308.75,1283.0,,1125367.0,1974238.0
2011-03-10,1315.75,1317.25,1292.75,,2605190.0,2239543.0
2011-03-09,1319.75,1325.0,1311.5,,2196273.0,2614534.0
2011-03-08,1308.75,1325.75,1306.0,,2209200.0,2798341.0
2011-03-07,1320.25,1327.25,1302.75,,2702700.0,2897776.0
2011-03-04,1329.75,1334.5,1311.25,,2944659.0,2894251.0
2011-03-03,1306.25,1332.0,1305.0,,2361733.0,2887515.0
2011-03-02,1301.25,1313.75,1296.25,,2680941.0,2915339.0
2011-03-01,1326.5,1336.5,1300.75,,3054741.0,2898347.0
2011-02-28,1318.25,1329.0,1313.0,,1941581.0,2852603.0
2011-02-25,1302.5,1320.0,1301.5,,1827557.0,2871412.0
2011-02-24,1305.75,1310.75,1292.5,,2903883.0,2875305.0
2011-02-23,1314.0,1320.5,1297.5,,3075485.0,2910101.0
2011-02-22,1328.5,1334.5,1310.25,,3257861.0,2898256.0
2011-02-21,1342.25,1342.5,1329.0,,1516091.0,2854700.0
2011-02-18,1337.75,1343.0,1335.0,,1516091.0,2863417.0
2011-02-17,1333.0,1340.0,1328.5,,1677669.0,2849648.0
2011-02-16,1326.25,1336.0,1325.75,,1801087.0,2845287.0
2011-02-15,1328.0,1329.25,1322.25,,1457415.0,2814250.0
2011-02-14,1326.0,1331.25,1324.5,,1171814.0,2809512.0
2011-02-11,1318.25,1328.75,1310.0,,1881031.0,2799214.0
2011-02-10,1318.5,1320.5,1308.5,,2055532.0,2799077.0
2011-02-09,1321.5,1322.0,1311.75,,1825859.0,2780883.0
2011-02-08,1315.0,1322.25,1313.0,,1453914.0,2754984.0
2011-02-07,1307.25,1320.0,1306.0,,1501112.0,2730158.0
2011-02-04,1303.25,1308.5,1298.0,,1585618.0,2706640.0
2011-02-03,1300.25,1305.75,1291.5,,1828391.0,2692805.0
2011-02-02,1302.25,1305.5,1298.0,,1396167.0,2714368.0
2011-02-01,1282.5,1306.0,1281.25,,2089240.0,2690241.0
2011-01-31,1269.5,1283.75,1262.25,,2314420.0,2666224.0
2011-01-28,1295.25,1299.5,1270.5,,3238629.0,2694729.0
2011-01-27,1293.75,1298.25,1289.25,,1554851.0,2634255.0
2011-01-26,1287.25,1296.75,1286.0,,1609255.0,2646887.0
2011-01-25,1288.5,1291.75,1277.0,,2360267.0,2635938.0
2011-01-24,1279.5,1289.75,1277.75,,1635794.0,2634978.0
2011-01-21,1276.0,1288.0,1273.25,,2012431.0,2594871.0
2011-01-20,1279.25,1281.5,1267.5,,2534106.0,2614326.0
2011-01-19,1294.5,1296.25,1275.0,,2322868.0,2586802.0
2011-01-18,1285.5,1295.0,1284.0,,1673094.0,2563543.0
2011-01-17,1289.5,1291.5,1282.75,,1631162.0,2527355.0
2011-01-14,1281.25,1290.0,1274.25,,1631162.0,2530027.0
2011-01-13,1283.25,1284.5,1276.25,,1671242.0,2531081.0
2011-01-12,1270.0,1284.25,1269.25,,1604117.0,2557791.0
2011-01-11,1265.5,1273.75,1264.0,,1662412.0,2527804.0
2011-01-10,1266.25,1268.0,1258.0,,1876415.0,2507962.0
2011-01-07,1269.75,1274.0,1257.75,,2175596.0,2505895.0
2011-01-06,1271.75,1277.0,1266.25,,1614397.0,2495267.0
2011-01-05,1265.5,1273.75,1255.75,,1797267.0,2510775.0
2011-01-04,1264.75,1270.0,1258.25,,1778621.0,2495528.0
2011-01-03,1256.0,1272.5,1255.25,,1591034.0,2500721.0
2010-12-31,1254.25,1257.75,1249.5,,667046.0,2478376.0
2010-12-30,1255.75,1257.5,1251.5,,713588.0,2469321.0
2010-12-29,1254.0,1258.5,1253.25,,588441.0,2475165.0
2010-12-28,1253.5,1256.5,1251.5,,553798.0,2477060.0
2010-12-27,1249.5,1254.25,1245.5,,587701.0,2458879.0
2010-12-23,1254.5,1255.75,1249.25,,594048.0,2437477.0
2010-12-22,1250.0,1255.0,1249.0,,664281.0,2433418.0
2010-12-21,1241.0,1251.25,1240.75,,943293.0,2433418.0
2010-12-20,1240.0,1245.75,1234.0,,1145804.0,2422001.0
2010-12-17,1243.25,1245.0,1240.75,,19703.0,1158352.0
2010-12-16,1237.0,1244.5,1232.5,,123099.0,1177387.0
2010-12-15,1242.0,1244.25,1234.0,,533898.0,1177387.0
2010-12-14,1240.75,1247.25,1237.75,,662944.0,1397989.0
2010-12-13,1242.0,1247.0,1236.75,,682650.0,1674400.0
2010-12-10,1232.75,1241.5,1231.5,,893224.0,1895370.0
2010-12-09,1228.5,1238.0,1226.5,,1388754.0,2206219.0
2010-12-08,1222.75,1229.25,1217.25,,2142544.0,2518842.0
2010-12-07,1222.75,1235.0,1219.0,,2449523.0,2743781.0
2010-12-06,1223.25,1226.75,1216.25,,1326050.0,2803507.0
2010-12-03,1222.75,1227.25,1213.0,,1890658.0,2855263.0
2010-12-02,1204.0,1223.25,1202.0,,2037342.0,2845193.0
2010-12-01,1177.75,1207.75,1176.25,,2346276.0,2827756.0
2010-11-30,1186.5,1188.25,1173.0,,3089404.0,2792037.0
2010-11-29,1188.5,1193.75,1172.25,,2491942.0,2771661.0
2010-11-26,1199.0,1199.5,1182.5,,963332.0,2773708.0
2010-11-25,1195.75,1200.5,1192.75,,1821455.0,2782893.0
2010-11-24,1178.0,1197.5,1175.5,,1818843.0,2778957.0
2010-11-23,1197.0,1197.75,1174.75,,2456997.0,2778957.0
2010-11-22,1202.75,1206.0,1182.5,,2212329.0,2773910.0
2010-11-19,1197.5,1200.0,1187.5,,1733603.0,2794626.0
2010-11-18,1177.75,1199.0,1177.0,,2067180.0,2808354.0
2010-11-17,1175.75,1182.0,1173.25,,2021219.0,2779026.0
2010-11-16,1195.25,1195.25,1171.0,,3168883.0,2831177.0
2010-11-15,1195.5,1205.75,1192.5,,2071297.0,2830041.0
2010-11-12,1210.5,1211.75,1191.5,,2766115.0,2812753.0
2010-11-11,1213.5,1213.75,1202.0,,1775665.0,2806244.0
2010-11-10,1210.5,1217.0,1201.75,,2483583.0,2797314.0
2010-11-09,1219.25,1224.75,1206.25,,2324133.0,2778956.0
2010-11-08,1220.5,1222.25,1214.75,,1542756.0,2809190.0
2010-11-05,1218.25,1224.5,1212.5,,2301698.0,2735053.0
2010-11-04,1197.5,1218.75,1195.25,,2301698.0,2748912.0
2010-11-03,1192.75,1198.0,1179.5,,2361808.0,2683550.0
2010-11-02,1182.75,1193.5,1180.75,,1573659.0,2694988.0
2010-11-01,1180.5,1192.75,1173.75,,2032082.0,2670465.0
2010-10-29,1179.25,1182.5,1172.0,,1751544.0,2671762.0
2010-10-28,1178.5,1187.5,1173.5,,2014979.0,2668557.0
2010-10-27,1183.25,1186.25,1167.75,,2246880.0,2690222.0
2010-10-26,1182.0,1184.25,1174.0,,1743843.0,2686156.0
2010-10-25,1180.75,1193.0,1180.5,,1752840.0,2679509.0
2010-10-22,1175.25,1181.5,1173.25,,1204824.0,2671093.0
2010-10-21,1174.75,1186.25,1167.25,,2408540.0,2689222.0
2010-10-20,1164.0,1180.0,1160.5,,2289137.0,2707547.0
2010-10-19,1178.75,1179.5,1155.5,,3065772.0,2681018.0
2010-10-18,1174.25,1182.25,1164.75,,1465558.0,2688392.0
2010-10-15,1174.0,1180.0,1163.0,,2644031.0,2675728.0
2010-10-14,1174.75,1180.75,1162.5,,2400204.0,2711338.0
2010-10-13,1165.25,1181.0,1164.25,,2163266.0,2723060.0
2010-10-12,1162.5,1169.0,1151.75,,1941433.0,2646446.0
2010-10-11,1161.5,1165.0,1157.75,,1005696.0,2640554.0
2010-10-08,1156.5,1164.0,1145.5,,1969643.0,2627827.0
2010-10-07,1155.75,1163.75,1147.25,,1988730.0,2625005.0
2010-10-06,1155.0,1160.0,1151.0,,1720880.0,2623535.0
2010-10-05,1134.75,1158.75,1132.75,,2203058.0,2638930.0
2010-10-04,1143.25,1144.0,1127.0,,1849807.0,2569442.0
2010-10-01,1135.75,1146.5,1134.5,,2065971.0,2546627.0
2010-09-30,1141.0,1153.5,1131.25,,2825790.0,2536476.0
2010-09-29,1141.75,1146.75,1135.5,,1860633.0,2582239.0
2010-09-28,1137.75,1146.0,1127.25,,2305031.0,2566485.0
2010-09-27,1144.0,1149.75,1137.0,,1343049.0,2557181.0
2010-09-24,1120.5,1144.5,1118.5,,1846093.0,2561544.0
2010-09-23,1130.0,1134.5,1117.25,,2190002.0,2515427.0
2010-09-22,1135.0,1140.25,1126.5,,1957234.0,2514158.0
2010-09-21,1136.5,1144.0,1130.25,,2098867.0,2416981.0
2010-09-20,1118.5,1140.25,1117.0,,1789965.0,2432315.0
2010-09-17,1128.0,1137.75,1127.75,,375122.0,1019389.0
2010-09-16,1126.25,1129.0,1118.0,,540325.0,1125297.0
2010-09-15,1120.75,1126.5,1114.0,,540325.0,1125297.0
2010-09-14,1120.75,1127.5,1115.0,,652411.0,1332089.0
2010-09-13,1112.5,1124.0,1112.0,,891533.0,1547198.0
2010-09-10,1103.0,1110.5,1100.5,,892734.0,1863017.0
2010-09-09,1099.25,1112.0,1096.75,,1612227.0,2246071.0
2010-09-08,1091.5,1103.0,1086.25,,2001331.0,2602936.0
2010-09-07,1104.0,1107.25,1089.75,,1751617.0,2803647.0
2010-09-06,1103.75,1107.0,1101.75,,2017072.0,2850566.0
2010-09-03,1089.75,1104.5,1086.25,,2017072.0,2863151.0
2010-09-02,1081.5,1090.5,1076.5,,1601762.0,2875870.0
2010-09-01,1051.75,1082.5,1050.75,,2355074.0,2901867.0
2010-08-31,1045.0,1054.25,1037.5,,2516451.0,2964455.0
2010-08-30,1064.5,1072.75,1044.5,,1506592.0,2930569.0
2010-08-27,1043.75,1064.5,1037.25,,2541324.0,2919615.0
2010-08-26,1055.25,1061.75,1043.0,,1994211.0,2917867.0
2010-08-25,1050.0,1057.75,1037.25,,2478780.0,2880019.0
2010-08-24,1065.5,1065.75,1044.0,,2466756.0,2879240.0
2010-08-23,1070.0,1080.25,1064.25,,1567358.0,2822978.0
2010-08-20,1070.75,1076.0,1061.75,,1806978.0,2792043.0
2010-08-19,1087.0,1095.0,1068.5,,2433838.0,2815775.0
2010-08-18,1089.0,1098.5,1083.75,,1814778.0,2752050.0
2010-08-17,1077.25,1098.5,1074.5,,1779783.0,2787274.0
2010-08-16,1077.5,1081.5,1066.25,,1612131.0,2765067.0
2010-08-13,1079.5,1089.0,1072.5,,1479393.0,2726008.0
2010-08-12,1085.0,1087.5,1070.5,,2180112.0,2746057.0
2010-08-11,1119.25,1119.75,1084.5,,2638258.0,2747067.0
2010-08-10,1125.25,1125.75,1108.25,,2029717.0,2716708.0
2010-08-09,1120.0,1126.75,1116.5,,998906.0,2717711.0
2010-08-06,1123.5,1127.0,1103.75,,2177376.0,2713680.0
2010-08-05,1124.75,1127.75,1115.5,,1340145.0,2710663.0
2010-08-04,1118.0,1126.0,1112.25,,1591800.0,2699304.0
2010-08-03,1121.75,1122.75,1113.25,,1493524.0,2716644.0
2010-08-02,1104.5,1124.25,1101.75,,1610959.0,2730487.0
2010-07-30,1096.25,1103.5,1083.5,,2133582.0,2709258.0
2010-07-29,1102.5,1113.0,1088.75,,2250104.0,2761379.0
2010-07-28,1110.5,1115.75,1099.25,,1641500.0,2746022.0
2010-07-27,1109.25,1118.75,1106.0,,1822245.0,2758792.0
2010-07-26,1101.25,1111.75,1097.0,,1543914.0,2745169.0
2010-07-23,1087.25,1101.5,1084.0,,2091081.0,2770900.0
2010-07-22,1063.25,1094.5,1061.25,,2178892.0,2775061.0
2010-07-21,1079.5,1087.75,1061.0,,2440958.0,2791287.0
2010-07-20,1063.25,1080.75,1050.75,,2275816.0,2796302.0
2010-07-19,1061.75,1071.0,1057.0,,1760879.0,2785149.0
2010-07-16,1090.5,1094.75,1059.0,,2503643.0,2756881.0
